EVENTMSGACTIONTYPE,EVENTMSGTYPE,EVENTNUM,GAME_ID,HOMEDESCRIPTION,NEUTRALDESCRIPTION,PCTIMESTRING,PERIOD,PERSON1TYPE,PERSON2TYPE,PERSON3TYPE,PLAYER1_ID,PLAYER1_NAME,PLAYER1_TEAM_ABBREVIATION,PLAYER1_TEAM_CITY,PLAYER1_TEAM_ID,PLAYER1_TEAM_NICKNAME,PLAYER2_ID,PLAYER2_NAME,PLAYER2_TEAM_ABBREVIATION,PLAYER2_TEAM_CITY,PLAYER2_TEAM_ID,PLAYER2_TEAM_NICKNAME,PLAYER3_ID,PLAYER3_NAME,PLAYER3_TEAM_ABBREVIATION,PLAYER3_TEAM_CITY,PLAYER3_TEAM_ID,PLAYER3_TEAM_NICKNAME,SCORE,SCOREMARGIN,VISITORDESCRIPTION,WCTIMESTRING
0,12,0,21500332,,,12:00,1,0,0,0,0,,,,,,0,,,,,,0,,,,,,,,,10:46 PM
0,10,1,21500332,Jump Ball Cousins vs. Lopez: Tip to Porzingis,,12:00,1,4,5,5,202326,DeMarcus Cousins,SAC,Sacramento,1610612758,Kings,201577,Robin Lopez,NYK,New York,1610612752,Knicks,204001,Kristaps Porzingis,NYK,New York,1610612752,Knicks,,,,10:46 PM
2,5,2,21500332,Rondo STEAL (1 STL),,11:43,1,5,4,0,101181,Jose Calderon,NYK,New York,1610612752,Knicks,200765,Rajon Rondo,SAC,Sacramento,1610612758,Kings,0,,,,,,,,Calderon Lost Ball Turnover (P1.T1),10:46 PM
80,1,3,21500332,Cousins 21' Step Back Jump Shot (2 PTS),,11:24,1,4,0,0,202326,DeMarcus Cousins,SAC,Sacramento,1610612758,Kings,0,,,,,,0,,,,,,0 - 2,2,,10:46 PM
1,2,4,21500332,,,11:07,1,5,0,0,101181,Jose Calderon,NYK,New York,1610612752,Knicks,0,,,,,,0,,,,,,,,MISS Calderon 15' Jump Shot,10:46 PM
0,4,5,21500332,Gay REBOUND (Off:0 Def:1),,11:04,1,4,0,0,200752,Rudy Gay,SAC,Sacramento,1610612758,Kings,0,,,,,,0,,,,,,,,,10:46 PM
1,2,6,21500332,MISS Rondo 25' 3PT Jump Shot,,10:43,1,4,0,0,200765,Rajon Rondo,SAC,Sacramento,1610612758,Kings,0,,,,,,0,,,,,,,,,10:47 PM
0,4,7,21500332,,,10:42,1,5,0,0,204001,Kristaps Porzingis,NYK,New York,1610612752,Knicks,0,,,,,,0,,,,,,,,Porzingis REBOUND (Off:0 Def:1),10:47 PM
1,2,8,21500332,,,10:31,1,5,0,0,2546,Carmelo Anthony,NYK,New York,1610612752,Knicks,0,,,,,,0,,,,,,,,MISS Anthony 21' Jump Shot,10:47 PM
0,4,9,21500332,Cousins REBOUND (Off:0 Def:1),,10:30,1,4,0,0,202326,DeMarcus Cousins,SAC,Sacramento,1610612758,Kings,0,,,,,,0,,,,,,,,,10:47 PM
2,5,10,21500332,Gay Lost Ball Turnover (P1.T1),,10:18,1,4,5,0,200752,Rudy Gay,SAC,Sacramento,1610612758,Kings,2546,Carmelo Anthony,NYK,New York,1610612752,Knicks,0,,,,,,,,Anthony STEAL (1 STL),10:47 PM
1,2,11,21500332,,,10:05,1,5,0,0,204001,Kristaps Porzingis,NYK,New York,1610612752,Knicks,0,,,,,,0,,,,,,,,MISS Porzingis 16' Jump Shot,10:47 PM
0,4,12,21500332,Cousins REBOUND (Off:0 Def:2),,10:04,1,4,0,0,202326,DeMarcus Cousins,SAC,Sacramento,1610612758,Kings,0,,,,,,0,,,,,,,,,10:47 PM
1,1,13,21500332,McLemore 25' 3PT Jump Shot (3 PTS) (Cousins 1 AST),,9:59,1,4,4,0,203463,Ben McLemore,SAC,Sacramento,1610612758,Kings,202326,DeMarcus Cousins,SAC,Sacramento,1610612758,Kings,0,,,,,,0 - 5,5,,10:48 PM
1,1,14,21500332,,,9:40,1,5,5,0,201577,Robin Lopez,NYK,New York,1610612752,Knicks,2546,Carmelo Anthony,NYK,New York,1610612752,Knicks,0,,,,,,2-5,3,Lopez 15' Jump Shot (2 PTS) (Anthony 1 AST),10:48 PM
1,2,15,21500332,MISS Cousins 18' Jump Shot,,9:28,1,4,0,0,202326,DeMarcus Cousins,SAC,Sacramento,1610612758,Kings,0,,,,,,0,,,,,,,,,10:48 PM
0,4,16,21500332,,,9:27,1,5,0,0,204001,Kristaps Porzingis,NYK,New York,1610612752,Knicks,0,,,,,,0,,,,,,,,Porzingis REBOUND (Off:0 Def:2),10:48 PM
5,7,17,21500332,Gay Violation:Kicked Ball (E.Malloy),,9:23,1,4,0,1,200752,Rudy Gay,SAC,Sacramento,1610612758,Kings,0,,,,,,0,,,,,,,,,10:48 PM
1,1,18,21500332,,,9:10,1,5,5,0,201577,Robin Lopez,NYK,New York,1610612752,Knicks,201167,Arron Afflalo,NYK,New York,1610612752,Knicks,0,,,,,,4-5,1,Lopez 18' Jump Shot (4 PTS) (Afflalo 1 AST),10:48 PM
1,2,19,21500332,MISS Cousins 26' 3PT Jump Shot,,8:58,1,4,0,0,202326,DeMarcus Cousins,SAC,Sacramento,1610612758,Kings,0,,,,,,0,,,,,,,,,10:49 PM
0,4,20,21500332,,,8:57,1,5,0,0,201167,Arron Afflalo,NYK,New York,1610612752,Knicks,0,,,,,,0,,,,,,,,Afflalo REBOUND (Off:0 Def:1),10:49 PM
80,1,21,21500332,,,8:39,1,5,0,0,2546,Carmelo Anthony,NYK,New York,1610612752,Knicks,0,,,,,,0,,,,,,5-5,-1,Anthony 18' Step Back Jump Shot (2 PTS),10:49 PM
1,6,22,21500332,,,8:25,1,5,4,1,201577,Robin Lopez,NYK,New York,1610612752,Knicks,202326,DeMarcus Cousins,SAC,Sacramento,1610612758,Kings,0,,,,,,,,Lopez P.FOUL (P1.T1) (B.Forte),10:49 PM
42,1,23,21500332,Cousins 3' Driving Layup (4 PTS),,8:16,1,4,0,0,202326,DeMarcus Cousins,SAC,Sacramento,1610612758,Kings,0,,,,,,0,,,,,,5-7,1,,10:50 PM
1,5,24,21500332,Rondo STEAL (2 STL),,8:07,1,5,4,0,204001,Kristaps Porzingis,NYK,New York,1610612752,Knicks,200765,Rajon Rondo,SAC,Sacramento,1610612758,Kings,0,,,,,,,,Porzingis Bad Pass Turnover (P1.T2),10:50 PM
41,2,26,21500332,MISS Casspi 2' Running Layup,,8:02,1,4,0,5,201956,Omri Casspi,SAC,Sacramento,1610612758,Kings,0,,,,,,204001,Kristaps Porzingis,NYK,New York,1610612752,Knicks,,,Porzingis BLOCK (1 BLK),10:50 PM
0,4,25,21500332,,,8:01,1,5,0,0,2546,Carmelo Anthony,NYK,New York,1610612752,Knicks,0,,,,,,0,,,,,,,,Anthony REBOUND (Off:0 Def:1),10:50 PM
1,2,27,21500332,,,7:38,1,5,0,0,2546,Carmelo Anthony,NYK,New York,1610612752,Knicks,0,,,,,,0,,,,,,,,MISS Anthony 22' Jump Shot,10:50 PM
0,4,28,21500332,Rondo REBOUND (Off:0 Def:1),,7:37,1,4,0,0,200765,Rajon Rondo,SAC,Sacramento,1610612758,Kings,0,,,,,,0,,,,,,,,,10:50 PM
1,2,29,21500332,MISS Cousins 21' Jump Shot,,7:20,1,4,0,0,202326,DeMarcus Cousins,SAC,Sacramento,1610612758,Kings,0,,,,,,0,,,,,,,,,10:51 PM
0,4,30,21500332,,,7:19,1,5,0,0,204001,Kristaps Porzingis,NYK,New York,1610612752,Knicks,0,,,,,,0,,,,,,,,Porzingis REBOUND (Off:0 Def:3),10:51 PM
1,2,31,21500332,,,7:12,1,5,0,0,201167,Arron Afflalo,NYK,New York,1610612752,Knicks,0,,,,,,0,,,,,,,,MISS Afflalo 25' 3PT Jump Shot,10:51 PM
0,4,32,21500332,Rondo REBOUND (Off:0 Def:2),,7:11,1,4,0,0,200765,Rajon Rondo,SAC,Sacramento,1610612758,Kings,0,,,,,,0,,,,,,,,,10:51 PM
2,6,33,21500332,,,7:05,1,5,4,1,204001,Kristaps Porzingis,NYK,New York,1610612752,Knicks,201956,Omri Casspi,SAC,Sacramento,1610612758,Kings,0,,,,,,,,Porzingis S.FOUL (P1.T2) (S.Twardoski),10:51 PM
11,3,34,21500332,MISS Casspi Free Throw 1 of 2,,7:05,1,4,0,0,201956,Omri Casspi,SAC,Sacramento,1610612758,Kings,0,,,,,,0,,,,,,,,,10:51 PM
1,4,35,21500332,KINGS Rebound,,7:05,1,2,0,0,1610612758,,,,,,0,,,,,,0,,,,,,,,,10:51 PM
1,9,36,21500332,,,7:05,1,3,0,0,1610612752,,,,,,0,,,,,,0,,,,,,,,Knicks Timeout: Regular (Reg.1 Short 0),10:51 PM
12,3,38,21500332,MISS Casspi Free Throw 2 of 2,,7:05,1,4,0,0,201956,Omri Casspi,SAC,Sacramento,1610612758,Kings,0,,,,,,0,,,,,,,,,10:55 PM
0,4,40,21500332,,,7:03,1,5,0,0,201577,Robin Lopez,NYK,New York,1610612752,Knicks,0,,,,,,0,,,,,,,,Lopez REBOUND (Off:0 Def:1),10:55 PM
1,2,41,21500332,Gay BLOCK (1 BLK),,6:48,1,5,0,4,2546,Carmelo Anthony,NYK,New York,1610612752,Knicks,0,,,,,,200752,Rudy Gay,SAC,Sacramento,1610612758,Kings,,,MISS Anthony 3' Jump Shot,10:55 PM
0,4,42,21500332,,,6:45,1,5,0,0,2546,Carmelo Anthony,NYK,New York,1610612752,Knicks,0,,,,,,0,,,,,,,,Anthony REBOUND (Off:1 Def:1),10:55 PM
5,2,43,21500332,,,6:44,1,5,0,0,2546,Carmelo Anthony,NYK,New York,1610612752,Knicks,0,,,,,,0,,,,,,,,MISS Anthony 2' Layup,10:55 PM
0,4,44,21500332,Casspi REBOUND (Off:0 Def:1),,6:42,1,4,0,0,201956,Omri Casspi,SAC,Sacramento,1610612758,Kings,0,,,,,,0,,,,,,,,,10:55 PM
1,2,45,21500332,MISS Gay 25' 3PT Jump Shot,,6:34,1,4,0,0,200752,Rudy Gay,SAC,Sacramento,1610612758,Kings,0,,,,,,0,,,,,,,,,10:55 PM
0,4,46,21500332,,,6:33,1,5,0,0,204001,Kristaps Porzingis,NYK,New York,1610612752,Knicks,0,,,,,,0,,,,,,,,Porzingis REBOUND (Off:0 Def:4),10:55 PM
42,1,47,21500332,,,6:24,1,5,0,0,101181,Jose Calderon,NYK,New York,1610612752,Knicks,0,,,,,,0,,,,,,8-7,-1,Calderon 2' Driving Layup (2 PTS),10:55 PM
98,1,48,21500332,Casspi 1' Cutting Layup Shot (2 PTS) (Gay 1 AST),,6:01,1,4,4,0,201956,Omri Casspi,SAC,Sacramento,1610612758,Kings,200752,Rudy Gay,SAC,Sacramento,1610612758,Kings,0,,,,,,8-9,1,,10:56 PM
1,1,49,21500332,,,5:39,1,5,5,0,201167,Arron Afflalo,NYK,New York,1610612752,Knicks,101181,Jose Calderon,NYK,New York,1610612752,Knicks,0,,,,,,10-9,-1,Afflalo 10' Jump Shot (2 PTS) (Calderon 1 AST),10:56 PM
1,1,50,21500332,Cousins 19' Jump Shot (6 PTS) (Rondo 1 AST),,5:21,1,4,4,0,202326,DeMarcus Cousins,SAC,Sacramento,1610612758,Kings,200765,Rajon Rondo,SAC,Sacramento,1610612758,Kings,0,,,,,,10-11,1,,10:56 PM
1,2,51,21500332,,,5:06,1,5,0,0,101181,Jose Calderon,NYK,New York,1610612752,Knicks,0,,,,,,0,,,,,,,,MISS Calderon 24' 3PT Jump Shot,10:57 PM
0,4,52,21500332,Casspi REBOUND (Off:0 Def:2),,5:06,1,4,0,0,201956,Omri Casspi,SAC,Sacramento,1610612758,Kings,0,,,,,,0,,,,,,,,,10:57 PM
1,2,53,21500332,MISS McLemore 25' 3PT Jump Shot,,4:59,1,4,0,0,203463,Ben McLemore,SAC,Sacramento,1610612758,Kings,0,,,,,,0,,,,,,,,,10:57 PM
0,4,54,21500332,,,4:59,1,5,0,0,2546,Carmelo Anthony,NYK,New York,1610612752,Knicks,0,,,,,,0,,,,,,,,Anthony REBOUND (Off:1 Def:2),10:57 PM
66,1,55,21500332,,,4:40,1,5,0,0,201167,Arron Afflalo,NYK,New York,1610612752,Knicks,0,,,,,,0,,,,,,12-11,-1,Afflalo 8' Jump Bank Shot (4 PTS),10:57 PM
1,2,56,21500332,MISS Casspi 24' 3PT Jump Shot,,4:28,1,4,0,0,201956,Omri Casspi,SAC,Sacramento,1610612758,Kings,0,,,,,,0,,,,,,,,,10:57 PM
0,4,57,21500332,,,4:28,1,5,0,0,2546,Carmelo Anthony,NYK,New York,1610612752,Knicks,0,,,,,,0,,,,,,,,Anthony REBOUND (Off:1 Def:3),10:57 PM
1,6,58,21500332,Casspi P.FOUL (P1.T1) (S.Twardoski),,4:22,1,4,5,1,201956,Omri Casspi,SAC,Sacramento,1610612758,Kings,204001,Kristaps Porzingis,NYK,New York,1610612752,Knicks,0,,,,,,,,,10:57 PM
0,8,59,21500332,SUB: Belinelli FOR Casspi,,4:22,1,4,4,0,201956,Omri Casspi,SAC,Sacramento,1610612758,Kings,201158,Marco Belinelli,SAC,Sacramento,1610612758,Kings,0,,,,,,,,,10:58 PM
0,8,60,21500332,SUB: Koufos FOR McLemore,,4:22,1,4,4,0,203463,Ben McLemore,SAC,Sacramento,1610612758,Kings,201585,Kosta Koufos,SAC,Sacramento,1610612758,Kings,0,,,,,,,,,10:58 PM
0,8,61,21500332,,,4:22,1,5,5,0,204001,Kristaps Porzingis,NYK,New York,1610612752,Knicks,202498,Lance Thomas,NYK,New York,1610612752,Knicks,0,,,,,,,,SUB: Thomas FOR Porzingis,10:58 PM
0,8,62,21500332,,,4:22,1,5,5,0,101181,Jose Calderon,NYK,New York,1610612752,Knicks,204038,Langston Galloway,NYK,New York,1610612752,Knicks,0,,,,,,,,SUB: Galloway FOR Calderon,10:58 PM
41,5,63,21500332,,,4:13,1,5,0,0,201167,Arron Afflalo,NYK,New York,1610612752,Knicks,0,,,,,,0,,,,,,,,Afflalo Poss Lost Ball Turnover (P1.T3),10:58 PM
3,6,64,21500332,,,4:13,1,5,4,1,201167,Arron Afflalo,NYK,New York,1610612752,Knicks,200752,Rudy Gay,SAC,Sacramento,1610612758,Kings,0,,,,,,,,Afflalo L.B.FOUL (P1.T3) (E.Malloy),10:58 PM
78,1,65,21500332,Belinelli 11' Floating Jump Shot (2 PTS) (Rondo 2 AST),,4:00,1,4,4,0,201158,Marco Belinelli,SAC,Sacramento,1610612758,Kings,200765,Rajon Rondo,SAC,Sacramento,1610612758,Kings,0,,,,,,12-13,1,,10:58 PM
45,5,66,21500332,,,3:38,1,5,0,0,202498,Lance Thomas,NYK,New York,1610612752,Knicks,0,,,,,,0,,,,,,,,Thomas Out of Bounds - Bad Pass Turnover Turnover (P1.T4),10:59 PM
1,6,67,21500332,,,3:30,1,5,4,1,201167,Arron Afflalo,NYK,New York,1610612752,Knicks,201158,Marco Belinelli,SAC,Sacramento,1610612758,Kings,0,,,,,,,,Afflalo P.FOUL (P2.T4) (S.Twardoski),10:59 PM
0,8,68,21500332,SUB: Collison FOR Cousins,,3:30,1,4,4,0,202326,DeMarcus Cousins,SAC,Sacramento,1610612758,Kings,201954,Darren Collison,SAC,Sacramento,1610612758,Kings,0,,,,,,,,,10:59 PM
0,8,69,21500332,,,3:30,1,5,5,0,201167,Arron Afflalo,NYK,New York,1610612752,Knicks,2756,Sasha Vujacic,NYK,New York,1610612752,Knicks,0,,,,,,,,SUB: Vujacic FOR Afflalo,10:59 PM
1,1,70,21500332,Rondo 24' 3PT Jump Shot (3 PTS) (Belinelli 1 AST),,3:21,1,4,4,0,200765,Rajon Rondo,SAC,Sacramento,1610612758,Kings,201158,Marco Belinelli,SAC,Sacramento,1610612758,Kings,0,,,,,,12-16,4,,11:00 PM
1,2,71,21500332,,,3:00,1,5,0,0,204038,Langston Galloway,NYK,New York,1610612752,Knicks,0,,,,,,0,,,,,,,,MISS Galloway 20' Jump Shot,11:00 PM
0,4,72,21500332,,,2:58,1,5,0,0,201577,Robin Lopez,NYK,New York,1610612752,Knicks,0,,,,,,0,,,,,,,,Lopez REBOUND (Off:1 Def:1),11:00 PM
40,5,73,21500332,,,2:55,1,5,0,0,201577,Robin Lopez,NYK,New York,1610612752,Knicks,0,,,,,,0,,,,,,,,Lopez Out of Bounds Lost Ball Turnover (P1.T5),11:00 PM
1,9,74,21500332,KINGS Timeout: Regular (Full 1 Short 0),,2:55,1,2,0,0,1610612758,,,,,,0,,,,,,0,,,,,,,,,11:00 PM
0,8,76,21500332,,,2:55,1,5,5,0,2546,Carmelo Anthony,NYK,New York,1610612752,Knicks,203124,Kyle O'Quinn,NYK,New York,1610612752,Knicks,0,,,,,,,,SUB: O'Quinn FOR Anthony,11:03 PM
0,8,77,21500332,,,2:55,1,5,5,0,201577,Robin Lopez,NYK,New York,1610612752,Knicks,202682,Derrick Williams,NYK,New York,1610612752,Knicks,0,,,,,,,,SUB: Williams FOR Lopez,11:03 PM
1,2,78,21500332,MISS Gay 17' Jump Shot,,2:41,1,4,0,0,200752,Rudy Gay,SAC,Sacramento,1610612758,Kings,0,,,,,,0,,,,,,,,,11:03 PM
0,4,79,21500332,,,2:41,1,5,0,0,2756,Sasha Vujacic,NYK,New York,1610612752,Knicks,0,,,,,,0,,,,,,,,Vujacic REBOUND (Off:0 Def:1),11:03 PM
1,2,80,21500332,,,2:29,1,5,0,0,2756,Sasha Vujacic,NYK,New York,1610612752,Knicks,0,,,,,,0,,,,,,,,MISS Vujacic 24' 3PT Jump Shot,11:04 PM
0,4,81,21500332,Belinelli REBOUND (Off:0 Def:1),,2:29,1,4,0,0,201158,Marco Belinelli,SAC,Sacramento,1610612758,Kings,0,,,,,,0,,,,,,,,,11:04 PM
1,2,82,21500332,MISS Collison 24' 3PT Jump Shot,,2:22,1,4,0,0,201954,Darren Collison,SAC,Sacramento,1610612758,Kings,0,,,,,,0,,,,,,,,,11:04 PM
0,4,83,21500332,,,2:21,1,5,0,0,203124,Kyle O'Quinn,NYK,New York,1610612752,Knicks,0,,,,,,0,,,,,,,,O'Quinn REBOUND (Off:0 Def:1),11:04 PM
42,2,84,21500332,,,2:14,1,5,0,0,202682,Derrick Williams,NYK,New York,1610612752,Knicks,0,,,,,,0,,,,,,,,MISS Williams 3' Driving Layup,11:04 PM
0,4,85,21500332,Rondo REBOUND (Off:0 Def:3),,2:13,1,4,0,0,200765,Rajon Rondo,SAC,Sacramento,1610612758,Kings,0,,,,,,0,,,,,,,,,11:04 PM
78,1,86,21500332,Koufos 7' Floating Jump Shot (2 PTS) (Belinelli 2 AST),,2:05,1,4,4,0,201585,Kosta Koufos,SAC,Sacramento,1610612758,Kings,201158,Marco Belinelli,SAC,Sacramento,1610612758,Kings,0,,,,,,12-18,6,,11:04 PM
2,6,87,21500332,Koufos S.FOUL (P1.T2) (S.Twardoski),,1:57,1,4,5,1,201585,Kosta Koufos,SAC,Sacramento,1610612758,Kings,204038,Langston Galloway,NYK,New York,1610612752,Knicks,0,,,,,,,,,11:04 PM
11,3,88,21500332,,,1:57,1,5,0,0,204038,Langston Galloway,NYK,New York,1610612752,Knicks,0,,,,,,0,,,,,,13 - 18,5,Galloway Free Throw 1 of 2 (1 PTS),11:04 PM
12,3,90,21500332,,,1:57,1,5,0,0,204038,Langston Galloway,NYK,New York,1610612752,Knicks,0,,,,,,0,,,,,,14 - 18,4,Galloway Free Throw 2 of 2 (2 PTS),11:05 PM
1,2,92,21500332,MISS Belinelli 22' Jump Shot,,1:44,1,4,0,0,201158,Marco Belinelli,SAC,Sacramento,1610612758,Kings,0,,,,,,0,,,,,,,,,11:05 PM
0,4,93,21500332,,,1:44,1,5,0,0,202682,Derrick Williams,NYK,New York,1610612752,Knicks,0,,,,,,0,,,,,,,,Williams REBOUND (Off:0 Def:1),11:05 PM
1,2,94,21500332,,,1:33,1,5,0,0,204038,Langston Galloway,NYK,New York,1610612752,Knicks,0,,,,,,0,,,,,,,,MISS Galloway 26' 3PT Jump Shot,11:05 PM
0,4,95,21500332,Koufos REBOUND (Off:0 Def:1),,1:32,1,4,0,0,201585,Kosta Koufos,SAC,Sacramento,1610612758,Kings,0,,,,,,0,,,,,,,,,11:05 PM
1,2,96,21500332,MISS Koufos 9' Jump Shot,,1:19,1,4,0,0,201585,Kosta Koufos,SAC,Sacramento,1610612758,Kings,0,,,,,,0,,,,,,,,,11:06 PM
0,4,97,21500332,,,1:18,1,5,0,0,204038,Langston Galloway,NYK,New York,1610612752,Knicks,0,,,,,,0,,,,,,,,Galloway REBOUND (Off:0 Def:1),11:06 PM
2,6,98,21500332,Koufos S.FOUL (P2.PN) (E.Malloy),,1:10,1,4,5,1,201585,Kosta Koufos,SAC,Sacramento,1610612758,Kings,202498,Lance Thomas,NYK,New York,1610612752,Knicks,0,,,,,,,,,11:06 PM
11,3,99,21500332,,,1:10,1,5,0,0,202498,Lance Thomas,NYK,New York,1610612752,Knicks,0,,,,,,0,,,,,,15 - 18,3,Thomas Free Throw 1 of 2 (1 PTS),11:06 PM
0,8,101,21500332,SUB: Casspi FOR Gay,,1:10,1,4,4,0,200752,Rudy Gay,SAC,Sacramento,1610612758,Kings,201956,Omri Casspi,SAC,Sacramento,1610612758,Kings,0,,,,,,,,,11:06 PM
0,8,102,21500332,SUB: Cousins FOR Koufos,,1:10,1,4,4,0,201585,Kosta Koufos,SAC,Sacramento,1610612758,Kings,202326,DeMarcus Cousins,SAC,Sacramento,1610612758,Kings,0,,,,,,,,,11:07 PM
12,3,103,21500332,,,1:10,1,5,0,0,202498,Lance Thomas,NYK,New York,1610612752,Knicks,0,,,,,,0,,,,,,16 - 18,2,Thomas Free Throw 2 of 2 (2 PTS),11:07 PM
41,1,105,21500332,Collison 2' Running Layup (2 PTS) (Rondo 3 AST),,1:02,1,4,4,0,201954,Darren Collison,SAC,Sacramento,1610612758,Kings,200765,Rajon Rondo,SAC,Sacramento,1610612758,Kings,0,,,,,,16 - 20,4,,11:07 PM
4,6,106,21500332,,,1:00,1,5,4,1,202498,Lance Thomas,NYK,New York,1610612752,Knicks,201956,Omri Casspi,SAC,Sacramento,1610612758,Kings,0,,,,,,,,Thomas OFF.Foul (P1) (S.Twardoski),11:07 PM
5,5,107,21500332,,,1:00,1,5,0,1,202498,Lance Thomas,NYK,New York,1610612752,Knicks,0,,,,,,0,,,,,,,,Thomas Foul Turnover (P2.T6),11:07 PM
42,1,108,21500332,Rondo 3' Driving Layup (5 PTS),,0:45,1,4,0,0,200765,Rajon Rondo,SAC,Sacramento,1610612758,Kings,0,,,,,,0,,,,,,16 - 22,6,,11:08 PM
1,2,109,21500332,,,0:39,1,5,0,0,2756,Sasha Vujacic,NYK,New York,1610612752,Knicks,0,,,,,,0,,,,,,,,MISS Vujacic 24' 3PT Jump Shot,11:08 PM
0,4,110,21500332,Cousins REBOUND (Off:0 Def:3),,0:38,1,4,0,0,202326,DeMarcus Cousins,SAC,Sacramento,1610612758,Kings,0,,,,,,0,,,,,,,,,11:08 PM
98,1,111,21500332,Collison 2' Cutting Layup Shot (4 PTS) (Casspi 1 AST),,0:34,1,4,4,0,201954,Darren Collison,SAC,Sacramento,1610612758,Kings,201956,Omri Casspi,SAC,Sacramento,1610612758,Kings,0,,,,,,16 - 24,8,,11:08 PM
1,2,112,21500332,,,0:18,1,5,0,0,202682,Derrick Williams,NYK,New York,1610612752,Knicks,0,,,,,,0,,,,,,,,MISS Williams 25' 3PT Jump Shot,11:08 PM
0,4,113,21500332,Casspi REBOUND (Off:0 Def:3),,0:17,1,4,0,0,201956,Omri Casspi,SAC,Sacramento,1610612758,Kings,0,,,,,,0,,,,,,,,,11:08 PM
1,2,114,21500332,MISS Cousins 4' Jump Shot,,0:01,1,4,0,5,202326,DeMarcus Cousins,SAC,Sacramento,1610612758,Kings,0,,,,,,203124,Kyle O'Quinn,NYK,New York,1610612752,Knicks,,,O'Quinn BLOCK (1 BLK),11:08 PM
0,4,115,21500332,KINGS Rebound,,0:01,1,2,0,0,1610612758,,,,,,0,,,,,,0,,,,,,,,,11:09 PM
0,13,117,21500332,,,0:00,1,0,0,0,0,,,,,,0,,,,,,0,,,,,,16 - 24,8,,11:09 PM
0,12,119,21500332,,,12:00,2,0,0,0,0,,,,,,0,,,,,,0,,,,,,16 - 24,8,,11:13 PM
1,2,121,21500332,MISS Collison 26' 3PT Jump Shot,,11:35,2,4,0,0,201954,Darren Collison,SAC,Sacramento,1610612758,Kings,0,,,,,,0,,,,,,,,,11:13 PM
0,4,122,21500332,,,11:35,2,5,0,0,203124,Kyle O'Quinn,NYK,New York,1610612752,Knicks,0,,,,,,0,,,,,,,,O'Quinn REBOUND (Off:0 Def:2),11:13 PM
1,2,123,21500332,,,11:13,2,5,0,0,202498,Lance Thomas,NYK,New York,1610612752,Knicks,0,,,,,,0,,,,,,,,MISS Thomas 23' Jump Shot,11:14 PM
0,4,124,21500332,,,11:12,2,5,0,0,1626170,Jerian Grant,NYK,New York,1610612752,Knicks,0,,,,,,0,,,,,,,,Grant REBOUND (Off:1 Def:0),11:14 PM
1,5,125,21500332,McLemore STEAL (1 STL),,11:10,2,5,4,0,1626170,Jerian Grant,NYK,New York,1610612752,Knicks,203463,Ben McLemore,SAC,Sacramento,1610612758,Kings,0,,,,,,,,Grant Bad Pass Turnover (P1.T7),11:14 PM
42,1,126,21500332,Collison 3' Driving Layup (6 PTS),,11:04,2,4,0,0,201954,Darren Collison,SAC,Sacramento,1610612758,Kings,0,,,,,,0,,,,,,16 - 26,10,,11:14 PM
1,2,127,21500332,,,10:43,2,5,0,0,202498,Lance Thomas,NYK,New York,1610612752,Knicks,0,,,,,,0,,,,,,,,MISS Thomas 13' Jump Shot,11:14 PM
0,4,128,21500332,KINGS Rebound,,10:42,2,2,0,0,1610612758,,,,,,0,,,,,,0,,,,,,,,,11:14 PM
26,6,129,21500332,Cousins Offensive Charge Foul (P1.T1) (E.Malloy),,10:21,2,4,5,1,202326,DeMarcus Cousins,SAC,Sacramento,1610612758,Kings,202682,Derrick Williams,NYK,New York,1610612752,Knicks,0,,,,,,,,,11:15 PM
5,5,130,21500332,Cousins Foul Turnover (P1.T2),,10:21,2,4,0,1,202326,DeMarcus Cousins,SAC,Sacramento,1610612758,Kings,0,,,,,,0,,,,,,,,,11:15 PM
0,8,131,21500332,,,10:21,2,5,5,0,202498,Lance Thomas,NYK,New York,1610612752,Knicks,2546,Carmelo Anthony,NYK,New York,1610612752,Knicks,0,,,,,,,,SUB: Anthony FOR Thomas,11:15 PM
1,2,132,21500332,,,10:05,2,5,0,0,2546,Carmelo Anthony,NYK,New York,1610612752,Knicks,0,,,,,,0,,,,,,,,MISS Anthony 14' Jump Shot,11:16 PM
0,4,133,21500332,Collison REBOUND (Off:0 Def:1),,10:04,2,4,0,0,201954,Darren Collison,SAC,Sacramento,1610612758,Kings,0,,,,,,0,,,,,,,,,11:16 PM
1,2,134,21500332,MISS Belinelli 25' 3PT Jump Shot,,9:47,2,4,0,0,201158,Marco Belinelli,SAC,Sacramento,1610612758,Kings,0,,,,,,0,,,,,,,,,11:16 PM
0,4,135,21500332,,,9:47,2,5,0,0,203124,Kyle O'Quinn,NYK,New York,1610612752,Knicks,0,,,,,,0,,,,,,,,O'Quinn REBOUND (Off:0 Def:3),11:16 PM
43,1,136,21500332,,,9:37,2,5,5,0,2546,Carmelo Anthony,NYK,New York,1610612752,Knicks,203124,Kyle O'Quinn,NYK,New York,1610612752,Knicks,0,,,,,,18 - 26,8,Anthony 4' Alley Oop Layup (4 PTS) (O'Quinn 1 AST),11:16 PM
1,1,137,21500332,Belinelli 18' Jump Shot (4 PTS) (Collison 1 AST),,9:21,2,4,4,0,201158,Marco Belinelli,SAC,Sacramento,1610612758,Kings,201954,Darren Collison,SAC,Sacramento,1610612758,Kings,0,,,,,,18 - 28,10,,11:16 PM
4,6,138,21500332,,,9:08,2,5,4,1,2546,Carmelo Anthony,NYK,New York,1610612752,Knicks,201956,Omri Casspi,SAC,Sacramento,1610612758,Kings,0,,,,,,,,Anthony OFF.Foul (P1) (S.Twardoski),11:17 PM
5,5,139,21500332,,,9:08,2,5,0,1,2546,Carmelo Anthony,NYK,New York,1610612752,Knicks,0,,,,,,0,,,,,,,,Anthony Foul Turnover (P1.T8),11:17 PM
1,2,140,21500332,MISS Belinelli 15' Jump Shot,,8:57,2,4,0,0,201158,Marco Belinelli,SAC,Sacramento,1610612758,Kings,0,,,,,,0,,,,,,,,,11:17 PM
0,4,141,21500332,,,8:56,2,5,0,0,204038,Langston Galloway,NYK,New York,1610612752,Knicks,0,,,,,,0,,,,,,,,Galloway REBOUND (Off:0 Def:2),11:17 PM
45,5,142,21500332,,,8:46,2,5,0,0,1626170,Jerian Grant,NYK,New York,1610612752,Knicks,0,,,,,,0,,,,,,,,Grant Out of Bounds - Bad Pass Turnover Turnover (P2.T9),11:17 PM
4,9,143,21500332,,,8:46,2,1,0,0,0,,,,,,0,,,,,,0,,,,,,,,,11:17 PM
0,8,146,21500332,,,8:46,2,5,5,0,204038,Langston Galloway,NYK,New York,1610612752,Knicks,101181,Jose Calderon,NYK,New York,1610612752,Knicks,0,,,,,,,,SUB: Calderon FOR Galloway,11:20 PM
0,8,147,21500332,,,8:46,2,5,5,0,203124,Kyle O'Quinn,NYK,New York,1610612752,Knicks,201167,Arron Afflalo,NYK,New York,1610612752,Knicks,0,,,,,,,,SUB: Afflalo FOR O'Quinn,11:20 PM
0,8,148,21500332,,,8:46,2,5,5,0,202682,Derrick Williams,NYK,New York,1610612752,Knicks,204001,Kristaps Porzingis,NYK,New York,1610612752,Knicks,0,,,,,,,,SUB: Porzingis FOR Williams,11:20 PM
0,8,149,21500332,,,8:46,2,5,5,0,1626170,Jerian Grant,NYK,New York,1610612752,Knicks,201577,Robin Lopez,NYK,New York,1610612752,Knicks,0,,,,,,,,SUB: Lopez FOR Grant,11:20 PM
0,8,150,21500332,SUB: Gay FOR McLemore,,8:46,2,4,4,0,203463,Ben McLemore,SAC,Sacramento,1610612758,Kings,200752,Rudy Gay,SAC,Sacramento,1610612758,Kings,0,,,,,,,,,11:20 PM
1,2,151,21500332,MISS Cousins 8' Jump Shot,,8:30,2,4,0,0,202326,DeMarcus Cousins,SAC,Sacramento,1610612758,Kings,0,,,,,,0,,,,,,,,,11:21 PM
0,4,152,21500332,,,8:30,2,5,0,0,2546,Carmelo Anthony,NYK,New York,1610612752,Knicks,0,,,,,,0,,,,,,,,Anthony REBOUND (Off:1 Def:4),11:21 PM
42,1,153,21500332,,,8:19,2,5,0,0,2546,Carmelo Anthony,NYK,New York,1610612752,Knicks,0,,,,,,0,,,,,,20 - 28,8,Anthony 2' Driving Layup (6 PTS),11:21 PM
42,1,154,21500332,Casspi 5' Driving Layup (4 PTS),,7:55,2,4,0,0,201956,Omri Casspi,SAC,Sacramento,1610612758,Kings,0,,,,,,0,,,,,,20 - 30,10,,11:21 PM
5,2,155,21500332,,,7:33,2,5,0,0,201577,Robin Lopez,NYK,New York,1610612752,Knicks,0,,,,,,0,,,,,,,,MISS Lopez 3' Layup,11:22 PM
0,4,156,21500332,Casspi REBOUND (Off:0 Def:4),,7:32,2,4,0,0,201956,Omri Casspi,SAC,Sacramento,1610612758,Kings,0,,,,,,0,,,,,,,,,11:22 PM
66,1,157,21500332,Gay 5' Jump Bank Shot (2 PTS) (Casspi 2 AST),,7:21,2,4,4,0,200752,Rudy Gay,SAC,Sacramento,1610612758,Kings,201956,Omri Casspi,SAC,Sacramento,1610612758,Kings,0,,,,,,20 - 32,12,,11:22 PM
3,2,158,21500332,,,7:08,2,5,0,0,201577,Robin Lopez,NYK,New York,1610612752,Knicks,0,,,,,,0,,,,,,,,MISS Lopez 7' Hook Shot,11:22 PM
0,4,159,21500332,Casspi REBOUND (Off:0 Def:5),,7:07,2,4,0,0,201956,Omri Casspi,SAC,Sacramento,1610612758,Kings,0,,,,,,0,,,,,,,,,11:22 PM
42,2,160,21500332,MISS Belinelli 2' Driving Layup,,7:02,2,4,0,5,201158,Marco Belinelli,SAC,Sacramento,1610612758,Kings,0,,,,,,204001,Kristaps Porzingis,NYK,New York,1610612752,Knicks,,,Porzingis BLOCK (2 BLK),11:22 PM
0,4,161,21500332,,,7:00,2,5,0,0,201577,Robin Lopez,NYK,New York,1610612752,Knicks,0,,,,,,0,,,,,,,,Lopez REBOUND (Off:1 Def:2),11:22 PM
1,5,162,21500332,Cousins STEAL (1 STL),,6:53,2,5,4,0,204001,Kristaps Porzingis,NYK,New York,1610612752,Knicks,202326,DeMarcus Cousins,SAC,Sacramento,1610612758,Kings,0,,,,,,,,Porzingis Bad Pass Turnover (P2.T10),11:22 PM
5,1,163,21500332,Collison 2' Layup (8 PTS) (Cousins 2 AST),,6:48,2,4,4,0,201954,Darren Collison,SAC,Sacramento,1610612758,Kings,202326,DeMarcus Cousins,SAC,Sacramento,1610612758,Kings,0,,,,,,20 - 34,14,,11:22 PM
5,2,164,21500332,,,6:29,2,5,0,0,2546,Carmelo Anthony,NYK,New York,1610612752,Knicks,0,,,,,,0,,,,,,,,MISS Anthony 3' Layup,11:23 PM
0,4,165,21500332,,,6:28,2,5,0,0,2546,Carmelo Anthony,NYK,New York,1610612752,Knicks,0,,,,,,0,,,,,,,,Anthony REBOUND (Off:2 Def:4),11:23 PM
5,2,166,21500332,Gay BLOCK (2 BLK),,6:27,2,5,0,4,2546,Carmelo Anthony,NYK,New York,1610612752,Knicks,0,,,,,,200752,Rudy Gay,SAC,Sacramento,1610612758,Kings,,,MISS Anthony 2' Layup,11:23 PM
0,4,167,21500332,,,6:27,2,5,0,0,2546,Carmelo Anthony,NYK,New York,1610612752,Knicks,0,,,,,,0,,,,,,,,Anthony REBOUND (Off:3 Def:4),11:23 PM
2,6,168,21500332,Cousins S.FOUL (P2.T2) (S.Twardoski),,6:27,2,4,5,1,202326,DeMarcus Cousins,SAC,Sacramento,1610612758,Kings,2546,Carmelo Anthony,NYK,New York,1610612752,Knicks,0,,,,,,,,,11:23 PM
11,3,169,21500332,,,6:27,2,5,0,0,2546,Carmelo Anthony,NYK,New York,1610612752,Knicks,0,,,,,,0,,,,,,21 - 34,13,Anthony Free Throw 1 of 2 (7 PTS),11:23 PM
12,3,171,21500332,,,6:27,2,5,0,0,2546,Carmelo Anthony,NYK,New York,1610612752,Knicks,0,,,,,,0,,,,,,,,MISS Anthony Free Throw 2 of 2,11:24 PM
0,4,173,21500332,Gay REBOUND (Off:0 Def:2),,6:26,2,4,0,0,200752,Rudy Gay,SAC,Sacramento,1610612758,Kings,0,,,,,,0,,,,,,,,,11:24 PM
49,1,174,21500332,Cousins  Driving Dunk (8 PTS) (Collison 2 AST),,6:14,2,4,4,0,202326,DeMarcus Cousins,SAC,Sacramento,1610612758,Kings,201954,Darren Collison,SAC,Sacramento,1610612758,Kings,0,,,,,,21 - 36,15,,11:24 PM
1,1,175,21500332,,,5:55,2,5,5,0,101181,Jose Calderon,NYK,New York,1610612752,Knicks,2546,Carmelo Anthony,NYK,New York,1610612752,Knicks,0,,,,,,24 - 36,12,Calderon 25' 3PT Jump Shot (5 PTS) (Anthony 2 AST),11:24 PM
1,2,176,21500332,MISS Belinelli 24' 3PT Jump Shot,,5:34,2,4,0,0,201158,Marco Belinelli,SAC,Sacramento,1610612758,Kings,0,,,,,,0,,,,,,,,,11:25 PM
0,4,177,21500332,,,5:33,2,5,0,0,2546,Carmelo Anthony,NYK,New York,1610612752,Knicks,0,,,,,,0,,,,,,,,Anthony REBOUND (Off:3 Def:5),11:25 PM
7,1,178,21500332,,,5:31,2,5,5,0,201167,Arron Afflalo,NYK,New York,1610612752,Knicks,2546,Carmelo Anthony,NYK,New York,1610612752,Knicks,0,,,,,,26 - 36,10,Afflalo  Dunk (6 PTS) (Anthony 3 AST),11:25 PM
1,9,179,21500332,KINGS Timeout: Regular (Full 2 Short 0),,5:29,2,2,0,0,1610612758,,,,,,0,,,,,,0,,,,,,,,,11:25 PM
0,8,182,21500332,SUB: Rondo FOR Collison,,5:29,2,4,4,0,201954,Darren Collison,SAC,Sacramento,1610612758,Kings,200765,Rajon Rondo,SAC,Sacramento,1610612758,Kings,0,,,,,,,,,11:28 PM
2,6,183,21500332,,,5:21,2,5,4,1,201577,Robin Lopez,NYK,New York,1610612752,Knicks,202326,DeMarcus Cousins,SAC,Sacramento,1610612758,Kings,0,,,,,,,,Lopez S.FOUL (P2.T1) (S.Twardoski),11:28 PM
11,3,184,21500332,MISS Cousins Free Throw 1 of 2,,5:21,2,4,0,0,202326,DeMarcus Cousins,SAC,Sacramento,1610612758,Kings,0,,,,,,0,,,,,,,,,11:28 PM
1,4,185,21500332,KINGS Rebound,,5:21,2,2,0,0,1610612758,,,,,,0,,,,,,0,,,,,,,,,11:28 PM
12,3,186,21500332,Cousins Free Throw 2 of 2 (9 PTS),,5:21,2,4,0,0,202326,DeMarcus Cousins,SAC,Sacramento,1610612758,Kings,0,,,,,,0,,,,,,26 - 37,11,,11:28 PM
4,5,188,21500332,,,5:03,2,5,0,1,201577,Robin Lopez,NYK,New York,1610612752,Knicks,0,,,,,,0,,,,,,,,Lopez Traveling Turnover (P2.T11),11:29 PM
0,8,189,21500332,SUB: Koufos FOR Casspi,,5:03,2,4,4,0,201956,Omri Casspi,SAC,Sacramento,1610612758,Kings,201585,Kosta Koufos,SAC,Sacramento,1610612758,Kings,0,,,,,,,,,11:29 PM
1,1,190,21500332,Belinelli 21' Jump Shot (6 PTS) (Rondo 4 AST),,4:49,2,4,4,0,201158,Marco Belinelli,SAC,Sacramento,1610612758,Kings,200765,Rajon Rondo,SAC,Sacramento,1610612758,Kings,0,,,,,,26 - 39,13,,11:29 PM
1,2,191,21500332,Gay BLOCK (3 BLK),,4:23,2,5,0,4,101181,Jose Calderon,NYK,New York,1610612752,Knicks,0,,,,,,200752,Rudy Gay,SAC,Sacramento,1610612758,Kings,,,MISS Calderon 24' 3PT Jump Shot,11:30 PM
0,4,192,21500332,,,4:23,2,3,0,0,1610612752,,,,,,0,,,,,,0,,,,,,,,Knicks Rebound,11:30 PM
11,5,193,21500332,,,4:23,2,3,0,1,1610612752,,,,,,0,,,,,,0,,,,,,,,Knicks Turnover: Shot Clock (T#12),11:30 PM
42,2,194,21500332,MISS Gay 5' Driving Layup,,4:06,2,4,0,0,200752,Rudy Gay,SAC,Sacramento,1610612758,Kings,0,,,,,,0,,,,,,,,,11:30 PM
0,4,195,21500332,,,4:06,2,5,0,0,201577,Robin Lopez,NYK,New York,1610612752,Knicks,0,,,,,,0,,,,,,,,Lopez REBOUND (Off:1 Def:3),11:30 PM
1,1,196,21500332,,,3:51,2,5,5,0,204001,Kristaps Porzingis,NYK,New York,1610612752,Knicks,101181,Jose Calderon,NYK,New York,1610612752,Knicks,0,,,,,,29 - 39,10,Porzingis 25' 3PT Jump Shot (3 PTS) (Calderon 2 AST),11:31 PM
43,2,197,21500332,MISS Gay 3' Alley Oop Layup,,3:31,2,4,0,0,200752,Rudy Gay,SAC,Sacramento,1610612758,Kings,0,,,,,,0,,,,,,,,,11:31 PM
0,4,198,21500332,,,3:30,2,5,0,0,201577,Robin Lopez,NYK,New York,1610612752,Knicks,0,,,,,,0,,,,,,,,Lopez REBOUND (Off:1 Def:4),11:31 PM
1,6,199,21500332,Koufos P.FOUL (P3.T3) (E.Malloy),,3:26,2,4,5,1,201585,Kosta Koufos,SAC,Sacramento,1610612758,Kings,204001,Kristaps Porzingis,NYK,New York,1610612752,Knicks,0,,,,,,,,,11:32 PM
11,6,200,21500332,Koufos T.FOUL (P3.T3) (E.Malloy),,3:26,2,4,0,1,201585,Kosta Koufos,SAC,Sacramento,1610612758,Kings,0,,,,,,0,,,,,,,,,11:32 PM
16,3,201,21500332,,,3:26,2,5,0,0,2546,Carmelo Anthony,NYK,New York,1610612752,Knicks,0,,,,,,0,,,,,,,,MISS Anthony Free Throw Technical,11:32 PM
1,4,202,21500332,,,3:26,2,3,0,0,1610612752,,,,,,0,,,,,,0,,,,,,,,Knicks Rebound,11:32 PM
0,8,203,21500332,SUB: Casspi FOR Belinelli,,3:26,2,4,4,0,201158,Marco Belinelli,SAC,Sacramento,1610612758,Kings,201956,Omri Casspi,SAC,Sacramento,1610612758,Kings,0,,,,,,,,,11:32 PM
0,8,204,21500332,SUB: McLemore FOR Koufos,,3:26,2,4,4,0,201585,Kosta Koufos,SAC,Sacramento,1610612758,Kings,203463,Ben McLemore,SAC,Sacramento,1610612758,Kings,0,,,,,,,,,11:32 PM
1,6,205,21500332,Rondo P.FOUL (P1.T4) (S.Twardoski),,3:19,2,4,5,1,200765,Rajon Rondo,SAC,Sacramento,1610612758,Kings,2546,Carmelo Anthony,NYK,New York,1610612752,Knicks,0,,,,,,,,,11:32 PM
1,6,206,21500332,Cousins P.FOUL (P3.PN) (S.Twardoski),,3:17,2,4,5,1,202326,DeMarcus Cousins,SAC,Sacramento,1610612758,Kings,201577,Robin Lopez,NYK,New York,1610612752,Knicks,0,,,,,,,,,11:33 PM
0,8,207,21500332,SUB: Koufos FOR Cousins,,3:17,2,4,4,0,202326,DeMarcus Cousins,SAC,Sacramento,1610612758,Kings,201585,Kosta Koufos,SAC,Sacramento,1610612758,Kings,0,,,,,,,,,11:33 PM
0,8,208,21500332,,,3:17,2,5,5,0,201577,Robin Lopez,NYK,New York,1610612752,Knicks,202498,Lance Thomas,NYK,New York,1610612752,Knicks,0,,,,,,,,SUB: Thomas FOR Lopez,11:33 PM
1,2,209,21500332,,,3:01,2,5,0,0,201167,Arron Afflalo,NYK,New York,1610612752,Knicks,0,,,,,,0,,,,,,,,MISS Afflalo 24' 3PT Jump Shot,11:33 PM
0,4,210,21500332,Rondo REBOUND (Off:0 Def:4),,2:59,2,4,0,0,200765,Rajon Rondo,SAC,Sacramento,1610612758,Kings,0,,,,,,0,,,,,,,,,11:34 PM
7,1,211,21500332,Casspi  Dunk (6 PTS) (Rondo 5 AST),,2:57,2,4,4,0,201956,Omri Casspi,SAC,Sacramento,1610612758,Kings,200765,Rajon Rondo,SAC,Sacramento,1610612758,Kings,0,,,,,,29 - 41,12,,11:34 PM
1,1,212,21500332,,,2:40,2,5,5,0,101181,Jose Calderon,NYK,New York,1610612752,Knicks,204001,Kristaps Porzingis,NYK,New York,1610612752,Knicks,0,,,,,,32 - 41,9,Calderon 25' 3PT Jump Shot (8 PTS) (Porzingis 1 AST),11:34 PM
42,1,213,21500332,Rondo 1' Driving Layup (7 PTS),,2:32,2,4,0,0,200765,Rajon Rondo,SAC,Sacramento,1610612758,Kings,0,,,,,,0,,,,,,32 - 43,11,,11:34 PM
2,6,214,21500332,,,2:32,2,5,4,1,101181,Jose Calderon,NYK,New York,1610612752,Knicks,200765,Rajon Rondo,SAC,Sacramento,1610612758,Kings,0,,,,,,,,Calderon S.FOUL (P1.T2) (E.Malloy),11:34 PM
1,9,215,21500332,,,2:32,2,3,0,0,1610612752,,,,,,0,,,,,,0,,,,,,,,Knicks Timeout: Regular (Reg.2 Short 0),11:34 PM
10,3,219,21500332,Rondo Free Throw 1 of 1 (8 PTS),,2:32,2,4,0,0,200765,Rajon Rondo,SAC,Sacramento,1610612758,Kings,0,,,,,,0,,,,,,32 - 44,12,,11:37 PM
1,2,221,21500332,,,2:15,2,5,0,0,204001,Kristaps Porzingis,NYK,New York,1610612752,Knicks,0,,,,,,0,,,,,,,,MISS Porzingis 16' Jump Shot,11:37 PM
0,4,222,21500332,Gay REBOUND (Off:0 Def:3),,2:14,2,4,0,0,200752,Rudy Gay,SAC,Sacramento,1610612758,Kings,0,,,,,,0,,,,,,,,,11:38 PM
47,2,223,21500332,MISS Casspi 9' Turnaround Jump Shot,,2:05,2,4,0,0,201956,Omri Casspi,SAC,Sacramento,1610612758,Kings,0,,,,,,0,,,,,,,,,11:38 PM
0,4,224,21500332,,,2:05,2,5,0,0,202498,Lance Thomas,NYK,New York,1610612752,Knicks,0,,,,,,0,,,,,,,,Thomas REBOUND (Off:0 Def:1),11:38 PM
1,1,225,21500332,,,1:52,2,5,5,0,201167,Arron Afflalo,NYK,New York,1610612752,Knicks,202498,Lance Thomas,NYK,New York,1610612752,Knicks,0,,,,,,34 - 44,10,Afflalo 20' Jump Shot (8 PTS) (Thomas 1 AST),11:38 PM
1,5,226,21500332,Rondo Bad Pass Turnover (P1.T3),,1:43,2,4,5,0,200765,Rajon Rondo,SAC,Sacramento,1610612758,Kings,101181,Jose Calderon,NYK,New York,1610612752,Knicks,0,,,,,,,,Calderon STEAL (1 STL),11:38 PM
1,1,227,21500332,,,1:23,2,5,0,0,2546,Carmelo Anthony,NYK,New York,1610612752,Knicks,0,,,,,,0,,,,,,36 - 44,8,Anthony 14' Jump Shot (9 PTS),11:38 PM
80,1,228,21500332,Rondo 18' Step Back Jump Shot (10 PTS),,1:11,2,4,0,0,200765,Rajon Rondo,SAC,Sacramento,1610612758,Kings,0,,,,,,0,,,,,,36 - 46,10,,11:39 PM
1,1,229,21500332,,,1:00,2,5,5,0,202498,Lance Thomas,NYK,New York,1610612752,Knicks,101181,Jose Calderon,NYK,New York,1610612752,Knicks,0,,,,,,39 - 46,7,Thomas 24' 3PT Jump Shot (5 PTS) (Calderon 3 AST),11:39 PM
1,2,230,21500332,MISS McLemore 12' Jump Shot,,0:52,2,4,0,0,203463,Ben McLemore,SAC,Sacramento,1610612758,Kings,0,,,,,,0,,,,,,,,,11:39 PM
0,4,231,21500332,,,0:52,2,5,0,0,101181,Jose Calderon,NYK,New York,1610612752,Knicks,0,,,,,,0,,,,,,,,Calderon REBOUND (Off:0 Def:1),11:39 PM
5,2,232,21500332,,,0:36,2,5,0,0,204001,Kristaps Porzingis,NYK,New York,1610612752,Knicks,0,,,,,,0,,,,,,,,MISS Porzingis 3' Layup,11:39 PM
0,4,233,21500332,McLemore REBOUND (Off:0 Def:1),,0:35,2,4,0,0,203463,Ben McLemore,SAC,Sacramento,1610612758,Kings,0,,,,,,0,,,,,,,,,11:39 PM
5,2,234,21500332,MISS Gay 3' Layup,,0:30,2,4,0,5,200752,Rudy Gay,SAC,Sacramento,1610612758,Kings,0,,,,,,2546,Carmelo Anthony,NYK,New York,1610612752,Knicks,,,Anthony BLOCK (1 BLK),11:39 PM
0,4,235,21500332,,,0:28,2,5,0,0,202498,Lance Thomas,NYK,New York,1610612752,Knicks,0,,,,,,0,,,,,,,,Thomas REBOUND (Off:0 Def:2),11:39 PM
5,2,236,21500332,,,0:23,2,5,0,0,204001,Kristaps Porzingis,NYK,New York,1610612752,Knicks,0,,,,,,0,,,,,,,,MISS Porzingis 2' Layup,11:39 PM
0,4,237,21500332,Koufos REBOUND (Off:0 Def:2),,0:23,2,4,0,0,201585,Kosta Koufos,SAC,Sacramento,1610612758,Kings,0,,,,,,0,,,,,,,,,11:39 PM
1,2,238,21500332,MISS Rondo 22' Jump Shot,,0:00,2,4,0,0,200765,Rajon Rondo,SAC,Sacramento,1610612758,Kings,0,,,,,,0,,,,,,,,,11:40 PM
0,4,239,21500332,,,0:00,2,5,0,0,201167,Arron Afflalo,NYK,New York,1610612752,Knicks,0,,,,,,0,,,,,,,,Afflalo REBOUND (Off:0 Def:2),11:40 PM
0,13,240,21500332,,,0:00,2,0,0,0,0,,,,,,0,,,,,,0,,,,,,39 - 46,7,,11:40 PM
0,12,242,21500332,,,12:00,3,0,0,0,0,,,,,,0,,,,,,0,,,,,,39 - 46,7,,11:58 PM
79,1,243,21500332,Gay 8' Pullup Jump Shot (4 PTS),,11:45,3,4,0,0,200752,Rudy Gay,SAC,Sacramento,1610612758,Kings,0,,,,,,0,,,,,,39 - 48,9,,11:59 PM
67,1,244,21500332,,,11:29,3,5,0,0,204001,Kristaps Porzingis,NYK,New York,1610612752,Knicks,0,,,,,,0,,,,,,41 - 48,7,Porzingis 5' Hook Bank Shot (5 PTS),11:59 PM
2,6,245,21500332,,,11:14,3,5,4,1,204001,Kristaps Porzingis,NYK,New York,1610612752,Knicks,201956,Omri Casspi,SAC,Sacramento,1610612758,Kings,0,,,,,,,,Porzingis S.FOUL (P2.T1) (B.Forte),11:59 PM
11,3,246,21500332,Casspi Free Throw 1 of 2 (7 PTS),,11:14,3,4,0,0,201956,Omri Casspi,SAC,Sacramento,1610612758,Kings,0,,,,,,0,,,,,,41 - 49,8,,11:59 PM
12,3,248,21500332,MISS Casspi Free Throw 2 of 2,,11:14,3,4,0,0,201956,Omri Casspi,SAC,Sacramento,1610612758,Kings,0,,,,,,0,,,,,,,,,12:00 AM
0,4,250,21500332,Casspi REBOUND (Off:1 Def:5),,11:13,3,4,0,0,201956,Omri Casspi,SAC,Sacramento,1610612758,Kings,0,,,,,,0,,,,,,,,,12:00 AM
1,2,251,21500332,MISS Casspi 25' 3PT Jump Shot,,11:08,3,4,0,0,201956,Omri Casspi,SAC,Sacramento,1610612758,Kings,0,,,,,,0,,,,,,,,,12:00 AM
0,4,252,21500332,,,11:07,3,5,0,0,2546,Carmelo Anthony,NYK,New York,1610612752,Knicks,0,,,,,,0,,,,,,,,Anthony REBOUND (Off:3 Def:6),12:00 AM
1,2,253,21500332,,,10:55,3,5,0,0,204001,Kristaps Porzingis,NYK,New York,1610612752,Knicks,0,,,,,,0,,,,,,,,MISS Porzingis 9' Jump Shot,12:00 AM
0,4,255,21500332,,,10:54,3,5,0,0,201577,Robin Lopez,NYK,New York,1610612752,Knicks,0,,,,,,0,,,,,,,,Lopez REBOUND (Off:2 Def:4),12:00 AM
97,2,254,21500332,,,10:54,3,5,0,0,201577,Robin Lopez,NYK,New York,1610612752,Knicks,0,,,,,,0,,,,,,,,MISS Lopez 5' Tip Layup Shot,12:00 AM
0,4,256,21500332,Casspi REBOUND (Off:1 Def:6),,10:53,3,4,0,0,201956,Omri Casspi,SAC,Sacramento,1610612758,Kings,0,,,,,,0,,,,,,,,,12:00 AM
42,2,257,21500332,MISS Casspi 4' Driving Layup,,10:42,3,4,0,0,201956,Omri Casspi,SAC,Sacramento,1610612758,Kings,0,,,,,,0,,,,,,,,,12:00 AM
0,4,259,21500332,Gay REBOUND (Off:1 Def:3),,10:40,3,4,0,0,200752,Rudy Gay,SAC,Sacramento,1610612758,Kings,0,,,,,,0,,,,,,,,,12:00 AM
97,2,258,21500332,MISS Gay 2' Tip Layup Shot,,10:40,3,4,0,0,200752,Rudy Gay,SAC,Sacramento,1610612758,Kings,0,,,,,,0,,,,,,,,,12:00 AM
0,4,260,21500332,,,10:39,3,5,0,0,201577,Robin Lopez,NYK,New York,1610612752,Knicks,0,,,,,,0,,,,,,,,Lopez REBOUND (Off:2 Def:5),12:00 AM
40,5,261,21500332,,,10:23,3,5,0,0,2546,Carmelo Anthony,NYK,New York,1610612752,Knicks,0,,,,,,0,,,,,,,,Anthony Out of Bounds Lost Ball Turnover (P2.T13),12:01 AM
1,6,262,21500332,,,10:10,3,5,4,1,2546,Carmelo Anthony,NYK,New York,1610612752,Knicks,202326,DeMarcus Cousins,SAC,Sacramento,1610612758,Kings,0,,,,,,,,Anthony P.FOUL (P2.T2) (S.Twardoski),12:01 AM
11,6,263,21500332,,,10:10,3,7,0,1,204006,,,,,,0,,,,,,0,,,,,,,,,12:01 AM
16,3,264,21500332,Gay Free Throw Technical (5 PTS),,10:10,3,4,0,0,200752,Rudy Gay,SAC,Sacramento,1610612758,Kings,0,,,,,,0,,,,,,41 - 50,9,,12:02 AM
42,2,266,21500332,MISS Cousins 5' Driving Layup,,10:02,3,4,0,0,202326,DeMarcus Cousins,SAC,Sacramento,1610612758,Kings,0,,,,,,0,,,,,,,,,12:02 AM
0,4,267,21500332,,,10:02,3,5,0,0,204001,Kristaps Porzingis,NYK,New York,1610612752,Knicks,0,,,,,,0,,,,,,,,Porzingis REBOUND (Off:0 Def:5),12:02 AM
2,6,268,21500332,Rondo S.FOUL (P2.T1) (B.Forte),,9:57,3,4,5,1,200765,Rajon Rondo,SAC,Sacramento,1610612758,Kings,201577,Robin Lopez,NYK,New York,1610612752,Knicks,0,,,,,,,,,12:02 AM
11,3,269,21500332,,,9:57,3,5,0,0,201577,Robin Lopez,NYK,New York,1610612752,Knicks,0,,,,,,0,,,,,,42 - 50,8,Lopez Free Throw 1 of 2 (5 PTS),12:02 AM
12,3,271,21500332,,,9:57,3,5,0,0,201577,Robin Lopez,NYK,New York,1610612752,Knicks,0,,,,,,0,,,,,,43 - 50,7,Lopez Free Throw 2 of 2 (6 PTS),12:03 AM
98,1,273,21500332,Cousins 4' Cutting Layup Shot (11 PTS) (Rondo 6 AST),,9:42,3,4,4,0,202326,DeMarcus Cousins,SAC,Sacramento,1610612758,Kings,200765,Rajon Rondo,SAC,Sacramento,1610612758,Kings,0,,,,,,43 - 52,9,,12:03 AM
2,6,274,21500332,Casspi S.FOUL (P2.T2) (S.Twardoski),,9:31,3,4,5,1,201956,Omri Casspi,SAC,Sacramento,1610612758,Kings,201167,Arron Afflalo,NYK,New York,1610612752,Knicks,0,,,,,,,,,12:03 AM
11,3,275,21500332,,,9:31,3,5,0,0,201167,Arron Afflalo,NYK,New York,1610612752,Knicks,0,,,,,,0,,,,,,44 - 52,8,Afflalo Free Throw 1 of 2 (9 PTS),12:04 AM
12,3,277,21500332,,,9:31,3,5,0,0,201167,Arron Afflalo,NYK,New York,1610612752,Knicks,0,,,,,,0,,,,,,45 - 52,7,Afflalo Free Throw 2 of 2 (10 PTS),12:04 AM
1,2,279,21500332,MISS Cousins 15' Jump Shot,,9:14,3,4,0,0,202326,DeMarcus Cousins,SAC,Sacramento,1610612758,Kings,0,,,,,,0,,,,,,,,,12:04 AM
0,4,281,21500332,Gay REBOUND (Off:2 Def:3),,9:13,3,4,0,0,200752,Rudy Gay,SAC,Sacramento,1610612758,Kings,0,,,,,,0,,,,,,,,,12:04 AM
97,2,280,21500332,MISS Gay 3' Tip Layup Shot,,9:13,3,4,0,0,200752,Rudy Gay,SAC,Sacramento,1610612758,Kings,0,,,,,,0,,,,,,,,,12:04 AM
0,4,282,21500332,Rondo REBOUND (Off:1 Def:4),,9:11,3,4,0,0,200765,Rajon Rondo,SAC,Sacramento,1610612758,Kings,0,,,,,,0,,,,,,,,,12:04 AM
66,1,284,21500332,Cousins 9' Jump Bank Shot (13 PTS) (Rondo 7 AST),,9:09,3,4,4,0,202326,DeMarcus Cousins,SAC,Sacramento,1610612758,Kings,200765,Rajon Rondo,SAC,Sacramento,1610612758,Kings,0,,,,,,45 - 54,9,,12:05 AM
2,6,285,21500332,,,9:09,3,5,4,1,201577,Robin Lopez,NYK,New York,1610612752,Knicks,202326,DeMarcus Cousins,SAC,Sacramento,1610612758,Kings,0,,,,,,,,Lopez S.FOUL (P3.T3) (S.Twardoski),12:05 AM
10,3,286,21500332,Cousins Free Throw 1 of 1 (14 PTS),,9:09,3,4,0,0,202326,DeMarcus Cousins,SAC,Sacramento,1610612758,Kings,0,,,,,,0,,,,,,45 - 55,10,,12:05 AM
1,2,289,21500332,,,8:53,3,5,0,0,2546,Carmelo Anthony,NYK,New York,1610612752,Knicks,0,,,,,,0,,,,,,,,MISS Anthony 22' Jump Shot,12:06 AM
0,4,290,21500332,McLemore REBOUND (Off:0 Def:2),,8:53,3,4,0,0,203463,Ben McLemore,SAC,Sacramento,1610612758,Kings,0,,,,,,0,,,,,,,,,12:06 AM
42,1,291,21500332,Casspi 4' Driving Layup (9 PTS) (Rondo 8 AST),,8:47,3,4,4,0,201956,Omri Casspi,SAC,Sacramento,1610612758,Kings,200765,Rajon Rondo,SAC,Sacramento,1610612758,Kings,0,,,,,,45 - 57,12,,12:06 AM
80,1,292,21500332,,,8:35,3,5,0,0,2546,Carmelo Anthony,NYK,New York,1610612752,Knicks,0,,,,,,0,,,,,,47 - 57,10,Anthony 15' Step Back Jump Shot (11 PTS),12:06 AM
1,2,293,21500332,MISS Gay 25' 3PT Jump Shot,,8:24,3,4,0,0,200752,Rudy Gay,SAC,Sacramento,1610612758,Kings,0,,,,,,0,,,,,,,,,12:06 AM
0,4,294,21500332,,,8:24,3,5,0,0,201167,Arron Afflalo,NYK,New York,1610612752,Knicks,0,,,,,,0,,,,,,,,Afflalo REBOUND (Off:0 Def:3),12:06 AM
45,5,295,21500332,,,8:19,3,5,0,0,2546,Carmelo Anthony,NYK,New York,1610612752,Knicks,0,,,,,,0,,,,,,,,Anthony Out of Bounds - Bad Pass Turnover Turnover (P3.T14),12:06 AM
1,1,296,21500332,Gay 12' Jump Shot (7 PTS),,8:04,3,4,0,0,200752,Rudy Gay,SAC,Sacramento,1610612758,Kings,0,,,,,,0,,,,,,47 - 59,12,,12:06 AM
1,2,297,21500332,,,7:51,3,5,0,0,201167,Arron Afflalo,NYK,New York,1610612752,Knicks,0,,,,,,0,,,,,,,,MISS Afflalo  3PT Jump Shot,12:07 AM
0,4,298,21500332,Cousins REBOUND (Off:0 Def:4),,7:51,3,4,0,0,202326,DeMarcus Cousins,SAC,Sacramento,1610612758,Kings,0,,,,,,0,,,,,,,,,12:07 AM
1,2,299,21500332,MISS Cousins 25' 3PT Jump Shot,,7:42,3,4,0,0,202326,DeMarcus Cousins,SAC,Sacramento,1610612758,Kings,0,,,,,,0,,,,,,,,,12:07 AM
0,4,300,21500332,,,7:41,3,5,0,0,2546,Carmelo Anthony,NYK,New York,1610612752,Knicks,0,,,,,,0,,,,,,,,Anthony REBOUND (Off:3 Def:7),12:07 AM
5,1,301,21500332,,,7:24,3,5,5,0,204001,Kristaps Porzingis,NYK,New York,1610612752,Knicks,201577,Robin Lopez,NYK,New York,1610612752,Knicks,0,,,,,,49 - 59,10,Porzingis 2' Layup (7 PTS) (Lopez 1 AST),12:07 AM
2,6,302,21500332,,,7:03,3,5,4,1,201577,Robin Lopez,NYK,New York,1610612752,Knicks,203463,Ben McLemore,SAC,Sacramento,1610612758,Kings,0,,,,,,,,Lopez S.FOUL (P4.T4) (S.Twardoski),12:08 AM
11,3,303,21500332,McLemore Free Throw 1 of 2 (4 PTS),,7:03,3,4,0,0,203463,Ben McLemore,SAC,Sacramento,1610612758,Kings,0,,,,,,0,,,,,,49 - 60,11,,12:08 AM
12,3,305,21500332,McLemore Free Throw 2 of 2 (5 PTS),,7:03,3,4,0,0,203463,Ben McLemore,SAC,Sacramento,1610612758,Kings,0,,,,,,0,,,,,,49 - 61,12,,12:08 AM
1,2,308,21500332,,,6:39,3,5,0,0,101181,Jose Calderon,NYK,New York,1610612752,Knicks,0,,,,,,0,,,,,,,,MISS Calderon 24' 3PT Jump Shot,12:09 AM
0,4,309,21500332,KINGS Rebound,,6:36,3,2,0,0,1610612758,,,,,,0,,,,,,0,,,,,,,,,12:09 AM
0,8,310,21500332,,,6:36,3,5,5,0,201577,Robin Lopez,NYK,New York,1610612752,Knicks,202498,Lance Thomas,NYK,New York,1610612752,Knicks,0,,,,,,,,SUB: Thomas FOR Lopez,12:09 AM
1,1,311,21500332,Cousins 19' Jump Shot (16 PTS) (Rondo 9 AST),,6:19,3,4,4,0,202326,DeMarcus Cousins,SAC,Sacramento,1610612758,Kings,200765,Rajon Rondo,SAC,Sacramento,1610612758,Kings,0,,,,,,49 - 63,14,,12:10 AM
1,9,312,21500332,,,6:19,3,3,0,0,1610612752,,,,,,0,,,,,,0,,,,,,,,Knicks Timeout: Regular (Reg.3 Short 0),12:10 AM
1,2,316,21500332,,,5:54,3,5,0,0,201167,Arron Afflalo,NYK,New York,1610612752,Knicks,0,,,,,,0,,,,,,,,MISS Afflalo 25' 3PT Jump Shot,12:13 AM
0,4,317,21500332,Cousins REBOUND (Off:0 Def:5),,5:54,3,4,0,0,202326,DeMarcus Cousins,SAC,Sacramento,1610612758,Kings,0,,,,,,0,,,,,,,,,12:13 AM
41,1,318,21500332,Rondo 3' Running Layup (12 PTS),,5:48,3,4,0,0,200765,Rajon Rondo,SAC,Sacramento,1610612758,Kings,0,,,,,,0,,,,,,49 - 65,16,,12:13 AM
46,1,319,21500332,,,5:25,3,5,0,0,202498,Lance Thomas,NYK,New York,1610612752,Knicks,0,,,,,,0,,,,,,51 - 65,14,Thomas 10' Running Jump Shot (7 PTS),12:13 AM
42,1,320,21500332,Rondo 2' Driving Layup (14 PTS),,5:08,3,4,0,0,200765,Rajon Rondo,SAC,Sacramento,1610612758,Kings,0,,,,,,0,,,,,,51 - 67,16,,12:14 AM
1,2,321,21500332,,,4:54,3,5,0,0,2546,Carmelo Anthony,NYK,New York,1610612752,Knicks,0,,,,,,0,,,,,,,,MISS Anthony 19' Jump Shot,12:14 AM
0,4,322,21500332,Cousins REBOUND (Off:0 Def:6),,4:54,3,4,0,0,202326,DeMarcus Cousins,SAC,Sacramento,1610612758,Kings,0,,,,,,0,,,,,,,,,12:14 AM
98,1,323,21500332,Cousins 2' Cutting Layup Shot (18 PTS) (Rondo 10 AST),,4:47,3,4,4,0,202326,DeMarcus Cousins,SAC,Sacramento,1610612758,Kings,200765,Rajon Rondo,SAC,Sacramento,1610612758,Kings,0,,,,,,51 - 69,18,,12:14 AM
2,6,324,21500332,,,4:47,3,5,4,1,201167,Arron Afflalo,NYK,New York,1610612752,Knicks,202326,DeMarcus Cousins,SAC,Sacramento,1610612758,Kings,0,,,,,,,,Afflalo S.FOUL (P3.PN) (B.Forte),12:14 AM
0,8,325,21500332,,,4:47,3,5,5,0,201167,Arron Afflalo,NYK,New York,1610612752,Knicks,204038,Langston Galloway,NYK,New York,1610612752,Knicks,0,,,,,,,,SUB: Galloway FOR Afflalo,12:15 AM
0,8,326,21500332,,,4:47,3,5,5,0,204001,Kristaps Porzingis,NYK,New York,1610612752,Knicks,203124,Kyle O'Quinn,NYK,New York,1610612752,Knicks,0,,,,,,,,SUB: O'Quinn FOR Porzingis,12:15 AM
10,3,327,21500332,Cousins Free Throw 1 of 1 (19 PTS),,4:47,3,4,0,0,202326,DeMarcus Cousins,SAC,Sacramento,1610612758,Kings,0,,,,,,0,,,,,,51 - 70,19,,12:15 AM
1,1,329,21500332,,,4:32,3,5,0,0,203124,Kyle O'Quinn,NYK,New York,1610612752,Knicks,0,,,,,,0,,,,,,53 - 70,17,O'Quinn 16' Jump Shot (2 PTS),12:15 AM
57,1,330,21500332,Cousins 4' Driving Hook Shot (21 PTS),,4:20,3,4,0,0,202326,DeMarcus Cousins,SAC,Sacramento,1610612758,Kings,0,,,,,,0,,,,,,53 - 72,19,,12:15 AM
1,2,331,21500332,,,4:04,3,5,0,0,203124,Kyle O'Quinn,NYK,New York,1610612752,Knicks,0,,,,,,0,,,,,,,,MISS O'Quinn 21' Jump Shot,12:15 AM
0,4,332,21500332,Rondo REBOUND (Off:1 Def:5),,4:03,3,4,0,0,200765,Rajon Rondo,SAC,Sacramento,1610612758,Kings,0,,,,,,0,,,,,,,,,12:15 AM
1,2,333,21500332,MISS Cousins 20' Jump Shot,,3:55,3,4,0,0,202326,DeMarcus Cousins,SAC,Sacramento,1610612758,Kings,0,,,,,,0,,,,,,,,,12:15 AM
0,4,334,21500332,Rondo REBOUND (Off:2 Def:5),,3:54,3,4,0,0,200765,Rajon Rondo,SAC,Sacramento,1610612758,Kings,0,,,,,,0,,,,,,,,,12:15 AM
1,2,335,21500332,MISS McLemore 16' Jump Shot,,3:47,3,4,0,0,203463,Ben McLemore,SAC,Sacramento,1610612758,Kings,0,,,,,,0,,,,,,,,,12:16 AM
0,4,337,21500332,Gay REBOUND (Off:3 Def:3),,3:46,3,4,0,0,200752,Rudy Gay,SAC,Sacramento,1610612758,Kings,0,,,,,,0,,,,,,,,,12:16 AM
97,2,336,21500332,MISS Gay 3' Tip Layup Shot,,3:46,3,4,0,0,200752,Rudy Gay,SAC,Sacramento,1610612758,Kings,0,,,,,,0,,,,,,,,,12:16 AM
0,4,339,21500332,Gay REBOUND (Off:4 Def:3),,3:45,3,4,0,0,200752,Rudy Gay,SAC,Sacramento,1610612758,Kings,0,,,,,,0,,,,,,,,,12:16 AM
97,2,338,21500332,MISS Gay 1' Tip Layup Shot,,3:45,3,4,0,0,200752,Rudy Gay,SAC,Sacramento,1610612758,Kings,0,,,,,,0,,,,,,,,,12:16 AM
0,4,340,21500332,,,3:44,3,5,0,0,2546,Carmelo Anthony,NYK,New York,1610612752,Knicks,0,,,,,,0,,,,,,,,Anthony REBOUND (Off:3 Def:8),12:16 AM
1,2,341,21500332,,,3:34,3,5,0,0,202498,Lance Thomas,NYK,New York,1610612752,Knicks,0,,,,,,0,,,,,,,,MISS Thomas  3PT Jump Shot,12:16 AM
0,4,342,21500332,,,3:33,3,5,0,0,203124,Kyle O'Quinn,NYK,New York,1610612752,Knicks,0,,,,,,0,,,,,,,,O'Quinn REBOUND (Off:1 Def:3),12:16 AM
5,1,343,21500332,,,3:31,3,5,0,0,203124,Kyle O'Quinn,NYK,New York,1610612752,Knicks,0,,,,,,0,,,,,,55 - 72,17,O'Quinn 2' Layup (4 PTS),12:16 AM
5,1,345,21500332,McLemore 3' Layup (7 PTS) (Gay 2 AST),,3:11,3,4,4,0,203463,Ben McLemore,SAC,Sacramento,1610612758,Kings,200752,Rudy Gay,SAC,Sacramento,1610612758,Kings,0,,,,,,55 - 74,19,,12:16 AM
5,1,346,21500332,,,2:55,3,5,5,0,2546,Carmelo Anthony,NYK,New York,1610612752,Knicks,203124,Kyle O'Quinn,NYK,New York,1610612752,Knicks,0,,,,,,57 - 74,17,Anthony 3' Layup (13 PTS) (O'Quinn 2 AST),12:16 AM
1,9,347,21500332,KINGS Timeout: Regular (Full 3 Short 0),,2:54,3,2,0,0,1610612758,,,,,,0,,,,,,0,,,,,,,,,12:17 AM
0,8,349,21500332,SUB: Collison FOR Casspi,,2:54,3,4,4,0,201956,Omri Casspi,SAC,Sacramento,1610612758,Kings,201954,Darren Collison,SAC,Sacramento,1610612758,Kings,0,,,,,,,,,12:19 AM
0,8,350,21500332,SUB: Belinelli FOR Cousins,,2:54,3,4,4,0,202326,DeMarcus Cousins,SAC,Sacramento,1610612758,Kings,201158,Marco Belinelli,SAC,Sacramento,1610612758,Kings,0,,,,,,,,,12:19 AM
0,8,351,21500332,SUB: Koufos FOR McLemore,,2:54,3,4,4,0,203463,Ben McLemore,SAC,Sacramento,1610612758,Kings,201585,Kosta Koufos,SAC,Sacramento,1610612758,Kings,0,,,,,,,,,12:19 AM
0,8,352,21500332,,,2:54,3,5,5,0,101181,Jose Calderon,NYK,New York,1610612752,Knicks,2756,Sasha Vujacic,NYK,New York,1610612752,Knicks,0,,,,,,,,SUB: Vujacic FOR Calderon,12:20 AM
1,2,353,21500332,MISS Koufos 11' Jump Shot,,2:38,3,4,0,0,201585,Kosta Koufos,SAC,Sacramento,1610612758,Kings,0,,,,,,0,,,,,,,,,12:20 AM
0,4,354,21500332,,,2:38,3,5,0,0,2546,Carmelo Anthony,NYK,New York,1610612752,Knicks,0,,,,,,0,,,,,,,,Anthony REBOUND (Off:3 Def:9),12:20 AM
2,6,355,21500332,Belinelli S.FOUL (P1.T3) (S.Twardoski),,2:32,3,4,5,1,201158,Marco Belinelli,SAC,Sacramento,1610612758,Kings,203124,Kyle O'Quinn,NYK,New York,1610612752,Knicks,0,,,,,,,,,12:20 AM
11,3,356,21500332,,,2:32,3,5,0,0,203124,Kyle O'Quinn,NYK,New York,1610612752,Knicks,0,,,,,,0,,,,,,58 - 74,16,O'Quinn Free Throw 1 of 2 (5 PTS),12:20 AM
12,3,358,21500332,,,2:32,3,5,0,0,203124,Kyle O'Quinn,NYK,New York,1610612752,Knicks,0,,,,,,0,,,,,,59 - 74,15,O'Quinn Free Throw 2 of 2 (6 PTS),12:21 AM
42,2,360,21500332,MISS Rondo 4' Driving Layup,,2:10,3,4,0,0,200765,Rajon Rondo,SAC,Sacramento,1610612758,Kings,0,,,,,,0,,,,,,,,,12:21 AM
0,4,361,21500332,,,2:09,3,5,0,0,203124,Kyle O'Quinn,NYK,New York,1610612752,Knicks,0,,,,,,0,,,,,,,,O'Quinn REBOUND (Off:1 Def:4),12:21 AM
1,2,362,21500332,,,2:04,3,5,0,0,204038,Langston Galloway,NYK,New York,1610612752,Knicks,0,,,,,,0,,,,,,,,MISS Galloway 17' Jump Shot,12:21 AM
0,4,363,21500332,,,2:03,3,5,0,0,2546,Carmelo Anthony,NYK,New York,1610612752,Knicks,0,,,,,,0,,,,,,,,Anthony REBOUND (Off:4 Def:9),12:21 AM
2,6,364,21500332,Gay S.FOUL (P1.T4) (E.Malloy),,2:02,3,4,5,1,200752,Rudy Gay,SAC,Sacramento,1610612758,Kings,2546,Carmelo Anthony,NYK,New York,1610612752,Knicks,0,,,,,,,,,12:21 AM
11,3,365,21500332,,,2:02,3,5,0,0,2546,Carmelo Anthony,NYK,New York,1610612752,Knicks,0,,,,,,0,,,,,,,,MISS Anthony Free Throw 1 of 2,12:22 AM
1,4,366,21500332,,,2:02,3,3,0,0,1610612752,,,,,,0,,,,,,0,,,,,,,,Knicks Rebound,12:22 AM
12,3,367,21500332,,,2:02,3,5,0,0,2546,Carmelo Anthony,NYK,New York,1610612752,Knicks,0,,,,,,0,,,,,,60 - 74,14,Anthony Free Throw 2 of 2 (14 PTS),12:22 AM
1,2,369,21500332,MISS Gay  3PT Jump Shot,,1:49,3,4,0,0,200752,Rudy Gay,SAC,Sacramento,1610612758,Kings,0,,,,,,0,,,,,,,,,12:22 AM
0,4,370,21500332,,,1:48,3,5,0,0,203124,Kyle O'Quinn,NYK,New York,1610612752,Knicks,0,,,,,,0,,,,,,,,O'Quinn REBOUND (Off:1 Def:5),12:22 AM
1,6,371,21500332,Gay P.FOUL (P2.PN) (B.Forte),,1:41,3,4,5,1,200752,Rudy Gay,SAC,Sacramento,1610612758,Kings,2546,Carmelo Anthony,NYK,New York,1610612752,Knicks,0,,,,,,,,,12:23 AM
11,3,372,21500332,,,1:41,3,5,0,0,2546,Carmelo Anthony,NYK,New York,1610612752,Knicks,0,,,,,,0,,,,,,61 - 74,13,Anthony Free Throw 1 of 2 (15 PTS),12:23 AM
12,3,374,21500332,,,1:41,3,5,0,0,2546,Carmelo Anthony,NYK,New York,1610612752,Knicks,0,,,,,,0,,,,,,62 - 74,12,Anthony Free Throw 2 of 2 (16 PTS),12:23 AM
1,2,376,21500332,MISS Gay 5' Jump Shot,,1:27,3,4,0,0,200752,Rudy Gay,SAC,Sacramento,1610612758,Kings,0,,,,,,0,,,,,,,,,12:24 AM
0,4,377,21500332,,,1:26,3,5,0,0,204038,Langston Galloway,NYK,New York,1610612752,Knicks,0,,,,,,0,,,,,,,,Galloway REBOUND (Off:0 Def:3),12:24 AM
1,1,378,21500332,,,1:19,3,5,5,0,2756,Sasha Vujacic,NYK,New York,1610612752,Knicks,2546,Carmelo Anthony,NYK,New York,1610612752,Knicks,0,,,,,,65 - 74,9,Vujacic  3PT Jump Shot (3 PTS) (Anthony 4 AST),12:24 AM
1,2,379,21500332,MISS Belinelli 19' Jump Shot,,1:03,3,4,0,0,201158,Marco Belinelli,SAC,Sacramento,1610612758,Kings,0,,,,,,0,,,,,,,,,12:24 AM
0,4,380,21500332,,,1:02,3,5,0,0,2756,Sasha Vujacic,NYK,New York,1610612752,Knicks,0,,,,,,0,,,,,,,,Vujacic REBOUND (Off:0 Def:2),12:24 AM
2,5,381,21500332,Gay STEAL (1 STL),,0:43,3,5,4,0,2546,Carmelo Anthony,NYK,New York,1610612752,Knicks,200752,Rudy Gay,SAC,Sacramento,1610612758,Kings,0,,,,,,,,Anthony Lost Ball Turnover (P4.T15),12:24 AM
79,1,382,21500332,Collison 12' Pullup Jump Shot (10 PTS),,0:28,3,4,0,0,201954,Darren Collison,SAC,Sacramento,1610612758,Kings,0,,,,,,0,,,,,,65 - 76,11,,12:25 AM
26,6,383,21500332,,,0:08,3,5,4,1,2546,Carmelo Anthony,NYK,New York,1610612752,Knicks,200752,Rudy Gay,SAC,Sacramento,1610612758,Kings,0,,,,,,,,Anthony Offensive Charge Foul (P3.PN) (S.Twardoski),12:25 AM
5,5,384,21500332,,,0:08,3,5,0,1,2546,Carmelo Anthony,NYK,New York,1610612752,Knicks,0,,,,,,0,,,,,,,,Anthony Foul Turnover (P5.T16),12:25 AM
0,8,385,21500332,SUB: McLemore FOR Koufos,,0:08,3,4,4,0,201585,Kosta Koufos,SAC,Sacramento,1610612758,Kings,203463,Ben McLemore,SAC,Sacramento,1610612758,Kings,0,,,,,,,,,12:25 AM
0,8,386,21500332,,,0:08,3,5,5,0,203124,Kyle O'Quinn,NYK,New York,1610612752,Knicks,201167,Arron Afflalo,NYK,New York,1610612752,Knicks,0,,,,,,,,SUB: Afflalo FOR O'Quinn,12:25 AM
1,5,387,21500332,Collison Bad Pass Turnover (P1.T4),,0:00,3,4,5,0,201954,Darren Collison,SAC,Sacramento,1610612758,Kings,202498,Lance Thomas,NYK,New York,1610612752,Knicks,0,,,,,,,,Thomas STEAL (1 STL),12:26 AM
1,2,388,21500332,,,0:00,3,5,0,0,202498,Lance Thomas,NYK,New York,1610612752,Knicks,0,,,,,,0,,,,,,,,MISS Thomas 41' 3PT Jump Shot,12:26 AM
0,4,390,21500332,,,0:00,3,3,0,0,1610612752,,,,,,0,,,,,,0,,,,,,,,Knicks Rebound,12:26 AM
0,13,389,21500332,,,0:00,3,0,0,0,0,,,,,,0,,,,,,0,,,,,,65 - 76,11,,12:26 AM
0,12,392,21500332,,,12:00,4,0,0,0,0,,,,,,0,,,,,,0,,,,,,65 - 76,11,,12:30 AM
1,1,393,21500332,,,11:42,4,5,5,0,2756,Sasha Vujacic,NYK,New York,1610612752,Knicks,203124,Kyle O'Quinn,NYK,New York,1610612752,Knicks,0,,,,,,67 - 76,9,Vujacic 22' Jump Shot (5 PTS) (O'Quinn 3 AST),12:30 AM
79,1,394,21500332,Collison 20' Pullup Jump Shot (12 PTS),,11:29,4,4,0,0,201954,Darren Collison,SAC,Sacramento,1610612758,Kings,0,,,,,,0,,,,,,67 - 78,11,,12:30 AM
5,2,395,21500332,,,11:12,4,5,0,0,201167,Arron Afflalo,NYK,New York,1610612752,Knicks,0,,,,,,0,,,,,,,,MISS Afflalo 3' Layup,12:30 AM
0,4,396,21500332,Koufos REBOUND (Off:0 Def:3),,11:11,4,4,0,0,201585,Kosta Koufos,SAC,Sacramento,1610612758,Kings,0,,,,,,0,,,,,,,,,12:30 AM
78,1,397,21500332,Koufos 5' Floating Jump Shot (4 PTS) (Casspi 3 AST),,10:56,4,4,4,0,201585,Kosta Koufos,SAC,Sacramento,1610612758,Kings,201956,Omri Casspi,SAC,Sacramento,1610612758,Kings,0,,,,,,67 - 80,13,,12:31 AM
1,1,398,21500332,,,10:39,4,5,5,0,204038,Langston Galloway,NYK,New York,1610612752,Knicks,201167,Arron Afflalo,NYK,New York,1610612752,Knicks,0,,,,,,70 - 80,10,Galloway 25' 3PT Jump Shot (5 PTS) (Afflalo 2 AST),12:31 AM
78,2,399,21500332,MISS Collison 5' Floating Jump Shot,,10:23,4,4,0,0,201954,Darren Collison,SAC,Sacramento,1610612758,Kings,0,,,,,,0,,,,,,,,,12:31 AM
0,4,400,21500332,,,10:22,4,5,0,0,204038,Langston Galloway,NYK,New York,1610612752,Knicks,0,,,,,,0,,,,,,,,Galloway REBOUND (Off:0 Def:4),12:31 AM
2,6,401,21500332,Belinelli S.FOUL (P2.T1) (E.Malloy),,10:18,4,4,5,1,201158,Marco Belinelli,SAC,Sacramento,1610612758,Kings,204038,Langston Galloway,NYK,New York,1610612752,Knicks,0,,,,,,,,,12:31 AM
11,3,402,21500332,,,10:18,4,5,0,0,204038,Langston Galloway,NYK,New York,1610612752,Knicks,0,,,,,,0,,,,,,71 - 80,9,Galloway Free Throw 1 of 2 (6 PTS),12:32 AM
0,8,404,21500332,,,10:18,4,5,5,0,203124,Kyle O'Quinn,NYK,New York,1610612752,Knicks,204001,Kristaps Porzingis,NYK,New York,1610612752,Knicks,0,,,,,,,,SUB: Porzingis FOR O'Quinn,12:32 AM
12,3,405,21500332,,,10:18,4,5,0,0,204038,Langston Galloway,NYK,New York,1610612752,Knicks,0,,,,,,0,,,,,,72 - 80,8,Galloway Free Throw 2 of 2 (7 PTS),12:32 AM
1,1,407,21500332,Koufos 7' Jump Shot (6 PTS) (Rondo 11 AST),,10:04,4,4,4,0,201585,Kosta Koufos,SAC,Sacramento,1610612758,Kings,200765,Rajon Rondo,SAC,Sacramento,1610612758,Kings,0,,,,,,72 - 82,10,,12:32 AM
1,2,408,21500332,,,9:48,4,5,0,0,204001,Kristaps Porzingis,NYK,New York,1610612752,Knicks,0,,,,,,0,,,,,,,,MISS Porzingis 17' Jump Shot,12:33 AM
0,4,409,21500332,Rondo REBOUND (Off:2 Def:6),,9:48,4,4,0,0,200765,Rajon Rondo,SAC,Sacramento,1610612758,Kings,0,,,,,,0,,,,,,,,,12:33 AM
1,2,410,21500332,MISS Casspi 7' Jump Shot,,9:39,4,4,0,5,201956,Omri Casspi,SAC,Sacramento,1610612758,Kings,0,,,,,,204001,Kristaps Porzingis,NYK,New York,1610612752,Knicks,,,Porzingis BLOCK (3 BLK),12:33 AM
0,4,411,21500332,,,9:37,4,5,0,0,202498,Lance Thomas,NYK,New York,1610612752,Knicks,0,,,,,,0,,,,,,,,Thomas REBOUND (Off:0 Def:3),12:33 AM
1,2,412,21500332,,,9:30,4,5,0,0,2756,Sasha Vujacic,NYK,New York,1610612752,Knicks,0,,,,,,0,,,,,,,,MISS Vujacic 25' 3PT Jump Shot,12:33 AM
0,4,413,21500332,,,9:30,4,5,0,0,202498,Lance Thomas,NYK,New York,1610612752,Knicks,0,,,,,,0,,,,,,,,Thomas REBOUND (Off:1 Def:3),12:33 AM
1,1,414,21500332,,,9:25,4,5,0,0,202498,Lance Thomas,NYK,New York,1610612752,Knicks,0,,,,,,0,,,,,,75 - 82,7,Thomas  3PT Jump Shot (10 PTS),12:33 AM
1,5,415,21500332,Rondo Bad Pass Turnover (P2.T5),,9:11,4,4,5,0,200765,Rajon Rondo,SAC,Sacramento,1610612758,Kings,202498,Lance Thomas,NYK,New York,1610612752,Knicks,0,,,,,,,,Thomas STEAL (2 STL),12:33 AM
1,6,416,21500332,Casspi P.FOUL (P3.T2) (B.Forte),,9:10,4,4,5,1,201956,Omri Casspi,SAC,Sacramento,1610612758,Kings,2756,Sasha Vujacic,NYK,New York,1610612752,Knicks,0,,,,,,,,,12:33 AM
1,9,417,21500332,KINGS Timeout: Regular (Full 4 Short 0),,9:10,4,2,0,0,1610612758,,,,,,0,,,,,,0,,,,,,,,,12:34 AM
0,8,419,21500332,SUB: Cousins FOR Rondo,,9:10,4,4,4,0,200765,Rajon Rondo,SAC,Sacramento,1610612758,Kings,202326,DeMarcus Cousins,SAC,Sacramento,1610612758,Kings,0,,,,,,,,,12:36 AM
1,2,421,21500332,,,8:57,4,5,0,0,204038,Langston Galloway,NYK,New York,1610612752,Knicks,0,,,,,,0,,,,,,,,MISS Galloway 17' Jump Shot,12:37 AM
0,4,422,21500332,Koufos REBOUND (Off:0 Def:4),,8:56,4,4,0,0,201585,Kosta Koufos,SAC,Sacramento,1610612758,Kings,0,,,,,,0,,,,,,,,,12:37 AM
1,5,423,21500332,Belinelli Bad Pass Turnover (P1.T6),,8:40,4,4,0,0,201158,Marco Belinelli,SAC,Sacramento,1610612758,Kings,0,,,,,,0,,,,,,,,,12:37 AM
78,1,424,21500332,,,8:21,4,5,0,0,201167,Arron Afflalo,NYK,New York,1610612752,Knicks,0,,,,,,0,,,,,,77 - 82,5,Afflalo 8' Floating Jump Shot (12 PTS),12:37 AM
1,2,425,21500332,MISS Belinelli 21' Jump Shot,,8:07,4,4,0,0,201158,Marco Belinelli,SAC,Sacramento,1610612758,Kings,0,,,,,,0,,,,,,,,,12:38 AM
0,4,426,21500332,,,8:06,4,5,0,0,202498,Lance Thomas,NYK,New York,1610612752,Knicks,0,,,,,,0,,,,,,,,Thomas REBOUND (Off:1 Def:4),12:38 AM
26,6,427,21500332,,,7:56,4,5,4,1,201167,Arron Afflalo,NYK,New York,1610612752,Knicks,202326,DeMarcus Cousins,SAC,Sacramento,1610612758,Kings,0,,,,,,,,Afflalo Offensive Charge Foul (P4.T1) (B.Forte),12:38 AM
5,5,428,21500332,,,7:56,4,5,0,1,201167,Arron Afflalo,NYK,New York,1610612752,Knicks,0,,,,,,0,,,,,,,,Afflalo Foul Turnover (P2.T17),12:38 AM
0,8,429,21500332,SUB: Gay FOR Belinelli,,7:56,4,4,4,0,201158,Marco Belinelli,SAC,Sacramento,1610612758,Kings,200752,Rudy Gay,SAC,Sacramento,1610612758,Kings,0,,,,,,,,,12:38 AM
0,8,430,21500332,SUB: Rondo FOR Koufos,,7:56,4,4,4,0,201585,Kosta Koufos,SAC,Sacramento,1610612758,Kings,200765,Rajon Rondo,SAC,Sacramento,1610612758,Kings,0,,,,,,,,,12:38 AM
0,8,431,21500332,,,7:56,4,5,5,0,201167,Arron Afflalo,NYK,New York,1610612752,Knicks,2546,Carmelo Anthony,NYK,New York,1610612752,Knicks,0,,,,,,,,SUB: Anthony FOR Afflalo,12:38 AM
1,6,432,21500332,,,7:49,4,5,4,1,2756,Sasha Vujacic,NYK,New York,1610612752,Knicks,202326,DeMarcus Cousins,SAC,Sacramento,1610612758,Kings,0,,,,,,,,Vujacic P.FOUL (P1.T2) (B.Forte),12:39 AM
7,1,434,21500332,Cousins  Dunk (23 PTS) (Rondo 12 AST),,7:40,4,4,4,0,202326,DeMarcus Cousins,SAC,Sacramento,1610612758,Kings,200765,Rajon Rondo,SAC,Sacramento,1610612758,Kings,0,,,,,,77 - 84,7,,12:40 AM
26,6,435,21500332,,,7:29,4,5,4,1,204038,Langston Galloway,NYK,New York,1610612752,Knicks,201954,Darren Collison,SAC,Sacramento,1610612758,Kings,0,,,,,,,,Galloway Offensive Charge Foul (P1.T3) (S.Twardoski),12:40 AM
5,5,436,21500332,,,7:29,4,5,0,1,204038,Langston Galloway,NYK,New York,1610612752,Knicks,0,,,,,,0,,,,,,,,Galloway Foul Turnover (P1.T18),12:40 AM
1,6,437,21500332,,,7:19,4,5,4,1,2756,Sasha Vujacic,NYK,New York,1610612752,Knicks,201954,Darren Collison,SAC,Sacramento,1610612758,Kings,0,,,,,,,,Vujacic P.FOUL (P2.T4) (E.Malloy),12:41 AM
1,5,438,21500332,Rondo Bad Pass Turnover (P3.T7),,7:12,4,4,5,0,200765,Rajon Rondo,SAC,Sacramento,1610612758,Kings,204038,Langston Galloway,NYK,New York,1610612752,Knicks,0,,,,,,,,Galloway STEAL (1 STL),12:41 AM
42,1,439,21500332,,,7:07,4,5,0,0,204038,Langston Galloway,NYK,New York,1610612752,Knicks,0,,,,,,0,,,,,,79 - 84,5,Galloway 3' Driving Layup (9 PTS),12:41 AM
7,2,440,21500332,MISS Cousins  Dunk,,6:48,4,4,0,0,202326,DeMarcus Cousins,SAC,Sacramento,1610612758,Kings,0,,,,,,0,,,,,,,,,12:41 AM
0,4,441,21500332,,,6:47,4,5,0,0,202498,Lance Thomas,NYK,New York,1610612752,Knicks,0,,,,,,0,,,,,,,,Thomas REBOUND (Off:1 Def:5),12:41 AM
5,2,442,21500332,,,6:34,4,5,0,0,2546,Carmelo Anthony,NYK,New York,1610612752,Knicks,0,,,,,,0,,,,,,,,MISS Anthony 3' Layup,12:42 AM
0,4,443,21500332,Casspi REBOUND (Off:1 Def:7),,6:33,4,4,0,0,201956,Omri Casspi,SAC,Sacramento,1610612758,Kings,0,,,,,,0,,,,,,,,,12:42 AM
2,7,445,21500332,,,6:29,4,5,0,1,204038,Langston Galloway,NYK,New York,1610612752,Knicks,0,,,,,,0,,,,,,,,Galloway Violation:Defensive Goaltending (B.Forte),12:42 AM
5,1,444,21500332,Collison 3' Layup (14 PTS),,6:29,4,4,0,0,201954,Darren Collison,SAC,Sacramento,1610612758,Kings,0,,,,,,0,,,,,,79 - 86,7,,12:42 AM
1,9,446,21500332,,,6:29,4,3,0,0,1610612752,,,,,,0,,,,,,0,,,,,,,,Knicks Timeout: Regular (Reg.4 Short 0),12:42 AM
0,8,449,21500332,,,6:29,4,5,5,0,204038,Langston Galloway,NYK,New York,1610612752,Knicks,101181,Jose Calderon,NYK,New York,1610612752,Knicks,0,,,,,,,,SUB: Calderon FOR Galloway,12:45 AM
1,1,450,21500332,,,6:06,4,5,5,0,2756,Sasha Vujacic,NYK,New York,1610612752,Knicks,202498,Lance Thomas,NYK,New York,1610612752,Knicks,0,,,,,,82 - 86,4,Vujacic 26' 3PT Jump Shot (8 PTS) (Thomas 2 AST),12:45 AM
1,5,451,21500332,Gay Bad Pass Turnover (P2.T8),,5:52,4,4,5,0,200752,Rudy Gay,SAC,Sacramento,1610612758,Kings,204001,Kristaps Porzingis,NYK,New York,1610612752,Knicks,0,,,,,,,,Porzingis STEAL (1 STL),12:46 AM
2,6,452,21500332,Casspi S.FOUL (P4.T3) (B.Forte),,5:45,4,4,5,1,201956,Omri Casspi,SAC,Sacramento,1610612758,Kings,2546,Carmelo Anthony,NYK,New York,1610612752,Knicks,0,,,,,,,,,12:46 AM
11,3,453,21500332,,,5:45,4,5,0,0,2546,Carmelo Anthony,NYK,New York,1610612752,Knicks,0,,,,,,0,,,,,,83 - 86,3,Anthony Free Throw 1 of 2 (17 PTS),12:46 AM
12,3,455,21500332,,,5:45,4,5,0,0,2546,Carmelo Anthony,NYK,New York,1610612752,Knicks,0,,,,,,0,,,,,,,,MISS Anthony Free Throw 2 of 2,12:47 AM
0,4,457,21500332,,,5:43,4,5,0,0,101181,Jose Calderon,NYK,New York,1610612752,Knicks,0,,,,,,0,,,,,,,,Calderon REBOUND (Off:1 Def:1),12:47 AM
2,5,458,21500332,Cousins STEAL (2 STL),,5:25,4,5,4,0,204001,Kristaps Porzingis,NYK,New York,1610612752,Knicks,202326,DeMarcus Cousins,SAC,Sacramento,1610612758,Kings,0,,,,,,,,Porzingis Lost Ball Turnover (P3.T19),12:47 AM
42,2,459,21500332,MISS Collison 3' Driving Layup,,5:20,4,4,0,0,201954,Darren Collison,SAC,Sacramento,1610612758,Kings,0,,,,,,0,,,,,,,,,12:47 AM
0,4,461,21500332,Cousins REBOUND (Off:1 Def:6),,5:19,4,4,0,0,202326,DeMarcus Cousins,SAC,Sacramento,1610612758,Kings,0,,,,,,0,,,,,,,,,12:47 AM
97,1,460,21500332,Cousins 1' Tip Layup Shot (25 PTS),,5:19,4,4,0,0,202326,DeMarcus Cousins,SAC,Sacramento,1610612758,Kings,0,,,,,,0,,,,,,83 - 88,5,,12:47 AM
2,6,462,21500332,Cousins S.FOUL (P4.T4) (B.Forte),,5:03,4,4,5,1,202326,DeMarcus Cousins,SAC,Sacramento,1610612758,Kings,204001,Kristaps Porzingis,NYK,New York,1610612752,Knicks,0,,,,,,,,,12:48 AM
11,3,463,21500332,,,5:03,4,5,0,0,204001,Kristaps Porzingis,NYK,New York,1610612752,Knicks,0,,,,,,0,,,,,,,,MISS Porzingis Free Throw 1 of 2,12:48 AM
1,4,464,21500332,,,5:03,4,3,0,0,1610612752,,,,,,0,,,,,,0,,,,,,,,Knicks Rebound,12:48 AM
12,3,465,21500332,,,5:03,4,5,0,0,204001,Kristaps Porzingis,NYK,New York,1610612752,Knicks,0,,,,,,0,,,,,,84 - 88,4,Porzingis Free Throw 2 of 2 (8 PTS),12:48 AM
2,5,467,21500332,Cousins Lost Ball Turnover (P2.T9),,4:44,4,4,5,0,202326,DeMarcus Cousins,SAC,Sacramento,1610612758,Kings,204001,Kristaps Porzingis,NYK,New York,1610612752,Knicks,0,,,,,,,,Porzingis STEAL (2 STL),12:48 AM
1,2,468,21500332,,,4:36,4,5,0,0,2756,Sasha Vujacic,NYK,New York,1610612752,Knicks,0,,,,,,0,,,,,,,,MISS Vujacic 24' 3PT Jump Shot,12:48 AM
0,4,469,21500332,Cousins REBOUND (Off:1 Def:7),,4:36,4,4,0,0,202326,DeMarcus Cousins,SAC,Sacramento,1610612758,Kings,0,,,,,,0,,,,,,,,,12:48 AM
1,6,470,21500332,,,4:31,4,5,4,1,204001,Kristaps Porzingis,NYK,New York,1610612752,Knicks,202326,DeMarcus Cousins,SAC,Sacramento,1610612758,Kings,0,,,,,,,,Porzingis P.FOUL (P3.PN) (B.Forte),12:49 AM
2,5,471,21500332,Gay Lost Ball Turnover (P3.T10),,4:22,4,4,5,0,200752,Rudy Gay,SAC,Sacramento,1610612758,Kings,202498,Lance Thomas,NYK,New York,1610612752,Knicks,0,,,,,,,,Thomas STEAL (3 STL),12:49 AM
1,2,472,21500332,,,4:13,4,5,0,0,2546,Carmelo Anthony,NYK,New York,1610612752,Knicks,0,,,,,,0,,,,,,,,MISS Anthony 24' 3PT Jump Shot,12:49 AM
0,4,473,21500332,,,4:12,4,5,0,0,204001,Kristaps Porzingis,NYK,New York,1610612752,Knicks,0,,,,,,0,,,,,,,,Porzingis REBOUND (Off:1 Def:5),12:49 AM
1,6,474,21500332,Gay P.FOUL (P3.PN) (B.Forte),,4:00,4,4,5,1,200752,Rudy Gay,SAC,Sacramento,1610612758,Kings,2546,Carmelo Anthony,NYK,New York,1610612752,Knicks,0,,,,,,,,,12:49 AM
11,3,475,21500332,,,4:00,4,5,0,0,2546,Carmelo Anthony,NYK,New York,1610612752,Knicks,0,,,,,,0,,,,,,,,MISS Anthony Free Throw 1 of 2,12:50 AM
1,4,476,21500332,,,4:00,4,3,0,0,1610612752,,,,,,0,,,,,,0,,,,,,,,Knicks Rebound,12:50 AM
0,8,477,21500332,,,4:00,4,5,5,0,202498,Lance Thomas,NYK,New York,1610612752,Knicks,201167,Arron Afflalo,NYK,New York,1610612752,Knicks,0,,,,,,,,SUB: Afflalo FOR Thomas,12:50 AM
12,3,478,21500332,,,4:00,4,5,0,0,2546,Carmelo Anthony,NYK,New York,1610612752,Knicks,0,,,,,,0,,,,,,85 - 88,3,Anthony Free Throw 2 of 2 (18 PTS),12:50 AM
1,1,480,21500332,Gay 25' 3PT Jump Shot (10 PTS) (Collison 3 AST),,3:39,4,4,4,0,200752,Rudy Gay,SAC,Sacramento,1610612758,Kings,201954,Darren Collison,SAC,Sacramento,1610612758,Kings,0,,,,,,85 - 91,6,,12:51 AM
1,1,481,21500332,,,3:13,4,5,0,0,204001,Kristaps Porzingis,NYK,New York,1610612752,Knicks,0,,,,,,0,,,,,,87 - 91,4,Porzingis 10' Jump Shot (10 PTS),12:51 AM
2,6,482,21500332,Cousins S.FOUL (P5.PN) (S.Twardoski),,3:13,4,4,5,1,202326,DeMarcus Cousins,SAC,Sacramento,1610612758,Kings,204001,Kristaps Porzingis,NYK,New York,1610612752,Knicks,0,,,,,,,,,12:51 AM
10,3,483,21500332,,,3:13,4,5,0,0,204001,Kristaps Porzingis,NYK,New York,1610612752,Knicks,0,,,,,,0,,,,,,88 - 91,3,Porzingis Free Throw 1 of 1 (11 PTS),12:52 AM
49,1,485,21500332,Rondo  Driving Dunk (16 PTS),,2:57,4,4,0,0,200765,Rajon Rondo,SAC,Sacramento,1610612758,Kings,0,,,,,,0,,,,,,88 - 93,5,,12:52 AM
1,2,486,21500332,,,2:38,4,5,0,0,201167,Arron Afflalo,NYK,New York,1610612752,Knicks,0,,,,,,0,,,,,,,,MISS Afflalo 23' Jump Shot,12:52 AM
0,4,487,21500332,,,2:37,4,5,0,0,2546,Carmelo Anthony,NYK,New York,1610612752,Knicks,0,,,,,,0,,,,,,,,Anthony REBOUND (Off:5 Def:9),12:52 AM
40,2,488,21500332,,,2:37,4,5,0,0,2546,Carmelo Anthony,NYK,New York,1610612752,Knicks,0,,,,,,0,,,,,,,,MISS Anthony 2' Layup,12:53 AM
0,4,489,21500332,Cousins REBOUND (Off:1 Def:8),,2:36,4,4,0,0,202326,DeMarcus Cousins,SAC,Sacramento,1610612758,Kings,0,,,,,,0,,,,,,,,,12:53 AM
1,6,490,21500332,,,2:36,4,5,4,1,204001,Kristaps Porzingis,NYK,New York,1610612752,Knicks,202326,DeMarcus Cousins,SAC,Sacramento,1610612758,Kings,0,,,,,,,,Porzingis P.FOUL (P4.PN) (E.Malloy),12:53 AM
4,9,491,21500332,,,2:36,4,1,0,0,0,,,,,,0,,,,,,0,,,,,,,,,12:53 AM
1,2,493,21500332,MISS Cousins 7' Jump Shot,,2:28,4,4,0,0,202326,DeMarcus Cousins,SAC,Sacramento,1610612758,Kings,0,,,,,,0,,,,,,,,,12:56 AM
0,4,495,21500332,Cousins REBOUND (Off:2 Def:8),,2:27,4,4,0,0,202326,DeMarcus Cousins,SAC,Sacramento,1610612758,Kings,0,,,,,,0,,,,,,,,,12:56 AM
97,2,494,21500332,MISS Cousins 3' Tip Layup Shot,,2:27,4,4,0,0,202326,DeMarcus Cousins,SAC,Sacramento,1610612758,Kings,0,,,,,,0,,,,,,,,,12:56 AM
0,4,496,21500332,Cousins REBOUND (Off:3 Def:8),,2:25,4,4,0,0,202326,DeMarcus Cousins,SAC,Sacramento,1610612758,Kings,0,,,,,,0,,,,,,,,,12:56 AM
5,1,497,21500332,Cousins 2' Layup (27 PTS),,2:25,4,4,0,0,202326,DeMarcus Cousins,SAC,Sacramento,1610612758,Kings,0,,,,,,0,,,,,,88 - 95,7,,12:56 AM
1,1,498,21500332,,,1:57,4,5,5,0,201167,Arron Afflalo,NYK,New York,1610612752,Knicks,204001,Kristaps Porzingis,NYK,New York,1610612752,Knicks,0,,,,,,90 - 95,5,Afflalo 22' Jump Shot (14 PTS) (Porzingis 2 AST),12:56 AM
5,2,499,21500332,MISS Cousins 3' Layup,,1:40,4,4,0,5,202326,DeMarcus Cousins,SAC,Sacramento,1610612758,Kings,0,,,,,,201167,Arron Afflalo,NYK,New York,1610612752,Knicks,,,Afflalo BLOCK (1 BLK),12:57 AM
0,4,500,21500332,,,1:40,4,3,0,0,1610612752,,,,,,0,,,,,,0,,,,,,,,Knicks Rebound,12:57 AM
1,2,501,21500332,,,1:29,4,5,0,0,204001,Kristaps Porzingis,NYK,New York,1610612752,Knicks,0,,,,,,0,,,,,,,,MISS Porzingis 27' 3PT Jump Shot,12:57 AM
0,4,502,21500332,Gay REBOUND (Off:4 Def:4),,1:28,4,4,0,0,200752,Rudy Gay,SAC,Sacramento,1610612758,Kings,0,,,,,,0,,,,,,,,,12:57 AM
1,2,503,21500332,MISS Collison 17' Jump Shot,,1:11,4,4,0,0,201954,Darren Collison,SAC,Sacramento,1610612758,Kings,0,,,,,,0,,,,,,,,,12:57 AM
0,4,504,21500332,,,1:10,4,5,0,0,201167,Arron Afflalo,NYK,New York,1610612752,Knicks,0,,,,,,0,,,,,,,,Afflalo REBOUND (Off:0 Def:4),12:57 AM
1,1,505,21500332,,,1:02,4,5,0,0,2546,Carmelo Anthony,NYK,New York,1610612752,Knicks,0,,,,,,0,,,,,,93 - 95,2,Anthony 26' 3PT Jump Shot (21 PTS),12:57 AM
40,5,506,21500332,Cousins Out of Bounds Lost Ball Turnover (P3.T11),,0:41,4,4,0,0,202326,DeMarcus Cousins,SAC,Sacramento,1610612758,Kings,0,,,,,,0,,,,,,,,,12:58 AM
1,9,507,21500332,,,0:41,4,3,0,0,1610612752,,,,,,0,,,,,,0,,,,,,,,Knicks Timeout: Regular (Reg.5 Short 0),12:58 AM
1,2,511,21500332,,,0:29,4,5,0,0,201167,Arron Afflalo,NYK,New York,1610612752,Knicks,0,,,,,,0,,,,,,,,MISS Afflalo 26' 3PT Jump Shot,1:00 AM
0,4,512,21500332,Rondo REBOUND (Off:2 Def:7),,0:29,4,4,0,0,200765,Rajon Rondo,SAC,Sacramento,1610612758,Kings,0,,,,,,0,,,,,,,,,1:00 AM
2,6,513,21500332,,,0:24,4,5,4,1,201167,Arron Afflalo,NYK,New York,1610612752,Knicks,201956,Omri Casspi,SAC,Sacramento,1610612758,Kings,0,,,,,,,,Afflalo S.FOUL (P5.PN) (S.Twardoski),1:00 AM
11,3,514,21500332,Casspi Free Throw 1 of 2 (10 PTS),,0:24,4,4,0,0,201956,Omri Casspi,SAC,Sacramento,1610612758,Kings,0,,,,,,0,,,,,,93 - 96,3,,1:01 AM
12,3,516,21500332,Casspi Free Throw 2 of 2 (11 PTS),,0:24,4,4,0,0,201956,Omri Casspi,SAC,Sacramento,1610612758,Kings,0,,,,,,0,,,,,,93 - 97,4,,1:01 AM
2,9,518,21500332,,,0:24,4,3,0,0,1610612752,,,,,,0,,,,,,0,,,,,,,,Knicks Timeout: Short (Reg.5 Short 1),1:01 AM
1,2,520,21500332,,,0:16,4,5,0,0,201167,Arron Afflalo,NYK,New York,1610612752,Knicks,0,,,,,,0,,,,,,,,MISS Afflalo 24' 3PT Jump Shot,1:03 AM
0,4,521,21500332,,,0:16,4,5,0,0,204001,Kristaps Porzingis,NYK,New York,1610612752,Knicks,0,,,,,,0,,,,,,,,Porzingis REBOUND (Off:2 Def:5),1:03 AM
2,6,522,21500332,Rondo S.FOUL (P3.PN) (E.Malloy),,0:16,4,4,5,1,200765,Rajon Rondo,SAC,Sacramento,1610612758,Kings,204001,Kristaps Porzingis,NYK,New York,1610612752,Knicks,0,,,,,,,,,1:03 AM
11,3,523,21500332,,,0:16,4,5,0,0,204001,Kristaps Porzingis,NYK,New York,1610612752,Knicks,0,,,,,,0,,,,,,94 - 97,3,Porzingis Free Throw 1 of 2 (12 PTS),1:03 AM
0,8,525,21500332,SUB: Belinelli FOR Casspi,,0:16,4,4,4,0,201956,Omri Casspi,SAC,Sacramento,1610612758,Kings,201158,Marco Belinelli,SAC,Sacramento,1610612758,Kings,0,,,,,,,,,1:03 AM
0,8,527,21500332,,,0:16,4,5,5,0,101181,Jose Calderon,NYK,New York,1610612752,Knicks,204038,Langston Galloway,NYK,New York,1610612752,Knicks,0,,,,,,,,SUB: Galloway FOR Calderon,1:03 AM
12,3,528,21500332,,,0:16,4,5,0,0,204001,Kristaps Porzingis,NYK,New York,1610612752,Knicks,0,,,,,,0,,,,,,95 - 97,2,Porzingis Free Throw 2 of 2 (13 PTS),1:04 AM
2,9,530,21500332,KINGS Timeout: Short (Full 4 Short 1),,0:16,4,2,0,0,1610612758,,,,,,0,,,,,,0,,,,,,,,,1:04 AM
0,8,533,21500332,,,0:16,4,5,5,0,201167,Arron Afflalo,NYK,New York,1610612752,Knicks,202498,Lance Thomas,NYK,New York,1610612752,Knicks,0,,,,,,,,SUB: Thomas FOR Afflalo,1:05 AM
28,6,534,21500332,,,0:15,4,5,4,1,204038,Langston Galloway,NYK,New York,1610612752,Knicks,201954,Darren Collison,SAC,Sacramento,1610612758,Kings,0,,,,,,,,Galloway Personal Take Foul (P2.PN) (E.Malloy),1:05 AM
11,3,535,21500332,Collison Free Throw 1 of 2 (15 PTS),,0:15,4,4,0,0,201954,Darren Collison,SAC,Sacramento,1610612758,Kings,0,,,,,,0,,,,,,95 - 98,3,,1:06 AM
0,8,537,21500332,SUB: Casspi FOR Belinelli,,0:15,4,4,4,0,201158,Marco Belinelli,SAC,Sacramento,1610612758,Kings,201956,Omri Casspi,SAC,Sacramento,1610612758,Kings,0,,,,,,,,,1:06 AM
0,8,538,21500332,,,0:15,4,5,5,0,202498,Lance Thomas,NYK,New York,1610612752,Knicks,201167,Arron Afflalo,NYK,New York,1610612752,Knicks,0,,,,,,,,SUB: Afflalo FOR Thomas,1:06 AM
12,3,539,21500332,Collison Free Throw 2 of 2 (16 PTS),,0:15,4,4,0,0,201954,Darren Collison,SAC,Sacramento,1610612758,Kings,0,,,,,,0,,,,,,95 - 99,4,,1:06 AM
41,1,541,21500332,,,0:08,4,5,0,0,2546,Carmelo Anthony,NYK,New York,1610612752,Knicks,0,,,,,,0,,,,,,97 - 99,2,Anthony 2' Running Layup (23 PTS),1:07 AM
2,5,542,21500332,Collison Lost Ball Turnover (P2.T12),,0:05,4,4,5,0,201954,Darren Collison,SAC,Sacramento,1610612758,Kings,201167,Arron Afflalo,NYK,New York,1610612752,Knicks,0,,,,,,,,Afflalo STEAL (1 STL),1:07 AM
2,9,543,21500332,,,0:04,4,3,0,0,1610612752,,,,,,0,,,,,,0,,,,,,,,Knicks Timeout: Short (Reg.5 Short 2),1:07 AM
0,8,546,21500332,,,0:04,4,5,5,0,204038,Langston Galloway,NYK,New York,1610612752,Knicks,101181,Jose Calderon,NYK,New York,1610612752,Knicks,0,,,,,,,,SUB: Calderon FOR Galloway,1:08 AM
1,2,547,21500332,,,0:00,4,5,0,0,2546,Carmelo Anthony,NYK,New York,1610612752,Knicks,0,,,,,,0,,,,,,,,MISS Anthony 28' 3PT Jump Shot,1:08 AM
0,4,549,21500332,,,0:00,4,3,0,0,1610612752,,,,,,0,,,,,,0,,,,,,,,Knicks Rebound,1:09 AM
0,13,548,21500332,,,0:00,4,0,0,0,0,,,,,,0,,,,,,0,,,,,,97 - 99,2,,1:09 AM